Player name,Known as,player_id,position,nationality,team,Fifa 17 Potential rating,Fifa 17 overall_rating,Fifa 17 age,Fifa 18 overall_rating,Fifa 18 age,Fifa 19 overall_rating,Fifa 19 age,Fifa 20 overall_rating,Fifa 20 age,Fifa 21 overall_rating,Fifa 21 age,Fifa 22 overall_rating,Fifa 22 age
Paul Pogba,P. Pogba,195864,"['CM', 'CDM', 'CAM']",France,Manchester United,94,88,23,87,24,88,25,88,26,86,27,87,28
Paulo Bruno Exequiel Dybala,P. Dybala,211110,"['ST', 'CF']",Argentina,Juventus,92,85,22,88,23,89,24,88,25,88,26,87,27
Raphaël Varane,R. Varane,201535,['CB'],France,Real Madrid CF,91,84,23,85,24,86,25,85,26,86,27,86,28
Jan Oblak,J. Oblak,200389,['GK'],Slovenia,Atlético de Madrid,91,87,23,88,24,90,25,91,26,91,27,91,28
Ousmane Dembélé,O. Dembélé,231443,"['RM', 'LM', 'CAM']",France,Borussia Dortmund,90,77,19,83,20,82,21,84,22,83,23,83,24
Renato Júnior Luz Sanches,Renato Sanches,230767,['CM'],Portugal,FC Bayern München,90,78,18,76,19,75,20,75,21,78,22,80,23
Eric Bertrand Bailly,E. Bailly,225508,['CB'],Côte d'Ivoire,Manchester United,90,82,22,84,23,83,24,80,25,79,26,79,27
André Filipe Tavares Gomes,André Gomes,211575,"['CM', 'LM', 'CAM', 'CDM']",Portugal,FC Barcelona,90,84,22,82,23,80,24,80,25,79,26,77,27
Anthony Martial,A. Martial,211300,"['LM', 'ST']",France,Manchester United,90,82,20,82,21,83,22,83,23,84,24,81,25
Bamidele Alli,D. Alli,211117,"['CAM', 'CDM', 'LM']",England,Tottenham Hotspur,90,80,20,84,21,84,22,84,23,83,24,80,25
Harry Kane,H. Kane,202126,['ST'],England,Tottenham Hotspur,90,84,22,86,23,89,24,89,25,88,26,90,27
Marco Verratti,M. Verratti,199556,"['CM', 'CDM']",Italy,Paris Saint-Germain,90,85,23,87,24,86,25,86,26,86,27,87,28
Romelu Lukaku Menama,R. Lukaku,192505,['ST'],Belgium,Everton,90,84,23,86,24,87,25,85,26,85,27,88,28
Marco Asensio Willemsen,Marco Asensio,220834,"['CAM', 'LM', 'RM']",Spain,Real Madrid CF,89,81,20,84,21,85,22,83,23,82,24,83,25
Youri Tielemans,Y. Tielemans,216393,"['CM', 'CAM']",Belgium,RSC Anderlecht,89,77,19,80,20,79,21,80,22,81,23,84,24
Alen Halilović,A. Halilović,216349,"['CAM', 'RM']",Croatia,Hamburger SV,89,79,20,77,21,76,22,72,23,71,24,69,25
Kurt Happy Zouma,K. Zouma,204311,['CB'],France,Chelsea,89,80,21,79,22,78,23,80,24,80,25,81,26
Jack Butland,J. Butland,203042,['GK'],England,Stoke City,89,82,23,81,24,81,25,78,26,74,27,73,28
Layvin Kurzawa,L. Kurzawa,201510,['LB'],France,Paris Saint-Germain,89,81,23,80,24,79,25,77,26,77,27,76,28
Ross Barkley,R. Barkley,199189,['CAM'],England,Everton,89,81,22,81,23,79,24,79,25,78,26,78,27
Alphonse Areola,A. Areola,193105,['GK'],France,Paris Saint-Germain,89,81,23,79,24,81,25,82,26,82,27,82,28
Marcus Rashford,M. Rashford,231677,['ST'],England,Manchester United,88,76,18,79,19,81,20,83,21,85,22,85,23
Gianluigi Donnarumma,G. Donnarumma,230621,['GK'],Italy,AC Milan,88,76,17,82,18,82,19,85,20,85,21,89,22
Mauricio Lemos Merladet,M. Lemos,229270,['CB'],Uruguay,Unión Deportiva Las Palmas,88,80,20,77,21,75,22,70,23,69,24,67,25
Kelechi Promise Iheanacho,K. Iheanacho,225719,['ST'],Nigeria,Manchester City,88,74,19,75,20,75,21,73,22,74,23,78,24
Leroy Aziz Sané,L. Sané,222492,"['RM', 'LM', 'ST']",Germany,Manchester City,88,79,20,82,21,86,22,86,23,85,24,84,25
Breel-Donald Embolo,B. Embolo,222357,"['RM', 'ST']",Switzerland,FC Schalke 04,88,76,19,76,20,76,21,76,22,78,23,77,24
Arnaldo Antonio Sanabria Ayala,A. Sanabria,219932,"['ST', 'LM']",Paraguay,Real Betis Balompié,88,78,20,78,21,79,22,77,23,74,24,74,25
Bernardo Mota Veiga de Carvalho e Silva,Bernardo Silva,218667,"['RM', 'CAM', 'CM']",Portugal,AS Monaco,88,81,21,84,22,84,23,87,24,87,25,86,26
Mahmoud Dahoud,M. Dahoud,218339,['CM'],Germany,Borussia Mönchengladbach,88,79,20,79,21,79,22,78,23,76,24,79,25
José María Giménez de Vargas,J. Giménez,216460,['CB'],Uruguay,Atlético de Madrid,88,83,21,83,22,84,23,85,24,84,25,84,26
Ángel Martín Correa,Á. Correa,214997,"['ST', 'CAM', 'CF']",Argentina,Atlético de Madrid,88,79,21,79,22,80,23,82,24,82,25,83,26
Kingsley Junior Coman,K. Coman,213345,"['LW', 'ST', 'RW']",France,FC Bayern München,88,81,20,79,21,83,22,84,23,84,24,86,25
Jonathan Tah,J. Tah,213331,['CB'],Germany,Bayer 04 Leverkusen,88,79,20,82,21,83,22,83,23,79,24,78,25
João Mário Naval da Costa Eduardo,João Mário,212814,"['RM', 'CM']",Portugal,Sporting CP,88,83,23,83,24,81,25,81,26,80,27,80,28
Aymeric Laporte,A. Laporte,212218,['CB'],France,Athletic Club de Bilbao,88,84,22,84,23,83,24,87,25,87,26,86,27
Julian Brandt,J. Brandt,212194,"['LM', 'RM', 'CAM']",Germany,Bayer 04 Leverkusen,88,79,20,80,21,82,22,84,23,84,24,81,25
Saúl Ñíguez Esclápez,Saúl,208421,"['CM', 'RM', 'CAM', 'LM']",Spain,Atlético de Madrid,88,80,21,82,22,85,23,85,24,84,25,82,26
Yannick Ferreira Carrasco,Y. Carrasco,208418,"['LM', 'RM']",Belgium,Atlético de Madrid,88,82,22,85,23,83,24,83,25,82,26,84,27
Emre Can,E. Can,208333,"['CM', 'CDM', 'CB']",Germany,Liverpool,88,80,22,79,23,80,24,81,25,82,26,82,27
Marcos Aoás Corrêa,Marquinhos,207865,"['CB', 'RB']",Brazil,Paris Saint-Germain,88,82,22,83,23,84,24,86,25,85,26,87,27
Luke Shaw,L. Shaw,205988,['LB'],England,Manchester United,88,80,20,79,21,78,22,81,23,81,24,84,25
Charly Musonda Junior,C. Musonda,204233,"['LW', 'RW', 'CAM', 'LM']",Belgium,Real Betis Balompié,88,77,19,76,20,76,21,74,22,73,23,72,24
John Stones,J. Stones,203574,['CB'],England,Manchester City,88,78,22,79,23,82,24,83,25,80,26,83,27
Raheem Sterling,R. Sterling,202652,"['LM', 'ST']",England,Manchester City,88,82,21,82,22,85,23,88,24,88,25,88,26
Gerard Deulofeu Lázaro,Deulofeu,202477,"['RM', 'RW', 'ST']",Spain,Everton,88,81,22,82,23,81,24,80,25,80,26,79,27
Timo Horn,T. Horn,200316,['GK'],Germany,1. FC Köln,88,82,23,84,24,83,25,81,26,77,27,76,28
Mattia Perin,M. Perin,198009,['GK'],Italy,Genoa,88,83,23,83,24,84,25,82,26,82,27,80,28
Serge Alain Stéphane Aurier,S. Aurier,197853,"['RB', 'CB']",Côte d'Ivoire,Paris Saint-Germain,88,83,23,81,24,81,25,79,26,80,27,80,28
Timothy Evans Fosu-Mensah,T. Fosu-Mensah,232270,"['CDM', 'CB', 'RB']",Netherlands,Manchester United,87,71,18,74,19,76,20,73,21,73,22,73,23
Kylian Mbappé Lottin,K. Mbappe Lottin,231747,['LW'],France,AS Monaco,87,71,17,83,18,87,19,89,20,90,21,91,22
Gabriel Fernando de Jesus,Gabriel Jesus,230666,"['ST', 'LW', 'CF']",Brazil,Brazil,87,76,19,81,20,83,21,82,22,83,23,83,24
Viktor Kovalenko,V. Kovalenko,228698,"['CAM', 'CM']",Ukraine,Shakhtar Donetsk,87,75,20,75,21,74,22,74,23,73,24,73,25
Vincent Edouard André Koziello,V. Koziello,225199,"['CM', 'CDM']",France,OGC Nice,87,79,20,78,21,77,22,75,23,71,24,70,25
Andrija Živković,A. Živković,220746,"['RM', 'LM']",Serbia,SL Benfica,87,75,19,77,20,79,21,76,22,73,23,76,24
Nabil Fekir,N. Fekir,216594,"['RW', 'ST']",France,Olympique Lyonnais,87,81,22,82,23,85,24,84,25,83,26,84,27
Andreas Bødtker Christensen,A. Christensen,213661,['CB'],Denmark,Borussia Mönchengladbach,87,78,20,81,21,82,22,80,23,79,24,80,25
Thomas Lemar,T. Lemar,213565,"['RM', 'CAM', 'LM']",France,AS Monaco,87,78,20,83,21,83,22,83,23,81,24,83,25
Joshua Walter Kimmich,J. Kimmich,212622,"['CM', 'CB', 'CDM', 'RB']",Germany,FC Bayern München,87,78,21,81,22,85,23,86,24,88,25,89,26
Niklas Süle,N. Süle,212190,['CB'],Germany,TSG Hoffenheim,87,81,20,83,21,84,22,85,23,84,24,82,25
Maximilian Meyer,M. Meyer,212150,"['CAM', 'LM', 'CM']",Germany,FC Schalke 04,87,80,20,79,21,79,22,78,23,76,24,72,25
Armindo Tué Na Bangna,Bruma,211368,"['LW', 'RW']",Portugal,Galatasaray SK,87,77,21,81,22,79,23,78,24,76,25,76,26
Daniele Rugani,D. Rugani,211320,['CB'],Italy,Juventus,87,79,21,80,22,82,23,82,24,80,25,77,26
Samuel Castillejo Azuaga,Samu Castillejo,210617,"['LM', 'RM']",Spain,Villarreal CF,87,80,21,80,22,83,23,80,24,79,25,77,26
João Pedro Cavaco Cancelo,João Cancelo,210514,"['RB', 'RW']",Portugal,Valencia CF,87,79,22,79,23,81,24,84,25,83,26,86,27
Fábio Henrique Tavares,Fabinho,209499,"['CDM', 'RB']",Brazil,AS Monaco,87,79,22,83,23,85,24,85,25,87,26,86,27
Samuel Yves Umtiti,S. Umtiti,205600,['CB'],France,FC Barcelona,87,82,22,83,23,87,24,86,25,83,26,80,27
Denis Suárez Fernández,Denis Suarez,205192,"['LM', 'RM', 'CM']",Spain,FC Barcelona,87,80,22,80,23,79,24,78,25,78,26,78,27
Loris Karius,L. Karius,203775,['GK'],Germany,Liverpool,87,82,23,80,24,79,25,79,26,78,27,75,28
Héctor Bellerín Moruno,Héctor Bellerín,203747,['RB'],Spain,Arsenal,87,79,21,81,22,80,23,80,24,80,25,78,26
Memphis Depay,M. Depay,202556,"['LM', 'LW']",Netherlands,Manchester United,87,80,22,80,23,83,24,84,25,85,26,85,27
Jesé Rodríguez Ruíz,Jesé,202515,"['LW', 'RW', 'ST']",Spain,Paris Saint-Germain,87,80,23,77,24,76,25,75,26,72,27,71,28
Julian Draxler,J. Draxler,202166,"['CAM', 'LM', 'RM']",Germany,VfL Wolfsburg,87,84,22,84,23,83,24,83,25,80,26,80,27
Mauro Emanuel Icardi Rivero,M. Icardi,201399,['ST'],Argentina,Inter,87,82,23,84,24,87,25,85,26,85,27,83,28
Francisco Alcácer García,Paco Alcácer,200454,['ST'],Spain,Valencia CF,87,81,22,79,23,79,24,83,25,81,26,81,27
Granit Xhaka,G. Xhaka,199503,['CM'],Switzerland,Arsenal,87,84,23,82,24,81,25,81,26,80,27,79,28
Oğuzhan Özyakup,O. Özyakup,196934,['CM'],Turkey,Beşiktaş JK,87,81,23,80,24,78,25,77,26,75,27,73,28
Jesús Manuel Corona Ruíz,J. Corona,193165,['RW'],Mexico,FC Porto,87,80,23,81,24,81,25,81,26,84,27,82,28
Alban Lafont,A. Lafont,231691,['GK'],France,Toulouse Football Club,86,74,17,77,18,77,19,79,20,78,21,78,22
Adalberto Peñaranda Maestre,A. Peñaranda,231638,"['ST', 'LM']",Venezuela,Udinese Calcio,86,76,19,75,20,73,21,72,22,69,23,69,24
Leon Bailey Butler,L. Bailey,229906,"['LM', 'RM']",Jamaica,KRC Genk,86,74,18,76,19,82,20,82,21,80,22,82,23
Marko Pjaca,M. Pjaca,229593,['LW'],Croatia,Juventus,86,76,21,76,22,76,23,75,24,75,25,75,26
André Miguel Valente da Silva,André Silva,228941,['ST'],Portugal,FC Porto,86,74,20,78,21,77,22,79,23,79,24,84,25
Francisco Oliveira Geraldes,Francisco Geraldes,228650,"['CAM', 'CM']",Portugal,Moreirense FC,86,73,21,75,22,76,23,74,24,71,25,71,26
Borja Mayoral Moya,Borja Mayoral,228635,['ST'],Spain,VfL Wolfsburg,86,72,19,72,20,74,21,77,22,76,23,76,24
Matheus Fellipe Costa Pereira,Matheus Pereira,228414,"['LM', 'RM']",Brazil,Sporting CP,86,74,20,74,21,77,22,76,23,76,24,77,25
Oleksandr Zinchenko,O. Zinchenko,227813,"['CAM', 'RM', 'LWB']",Ukraine,Manchester City,86,74,19,72,20,71,21,78,22,80,23,80,24
André Filipe Luz Horta,André Horta,226370,"['CM', 'CAM']",Portugal,SL Benfica,86,76,19,75,20,75,21,73,22,75,23,73,24
Jeisson Andrés Vargas Salazar,J. Vargas,226266,['LW'],Chile,Estudiantes de La Plata,86,70,18,,,68,20,67,21,67,22,67,23
Giovani Lo Celso,G. Lo Celso,226226,['CAM'],Argentina,Rosario Central,86,74,20,74,21,80,22,83,23,82,24,81,25
Reece Oxford,R. Oxford,225908,"['CB', 'CDM']",England,West Ham United,86,66,17,66,18,68,19,67,20,66,21,70,22
Mikel Merino Zazón,Mikel Merino,225193,"['CM', 'CDM']",Spain,Borussia Dortmund,86,76,20,74,21,75,22,79,23,80,24,83,25
Danilo Barbosa da Silva,Danilo,223517,"['CM', 'CDM']",Brazil,SL Benfica,86,79,20,74,21,76,22,75,23,74,24,72,25
Julian Weigl,J. Weigl,222028,"['CDM', 'CM']",Germany,Borussia Dortmund,86,79,20,81,21,80,22,80,23,79,24,79,25
Victor Jörgen Nilsson Lindelöf,V. Nilsson Lindelöf,221660,['CB'],Sweden,SL Benfica,86,78,21,79,22,79,23,81,24,80,25,80,26
Jaïro Riedewald,J. Riedewald,221269,"['CB', 'CDM', 'LB']",Netherlands,Ajax,86,76,19,74,20,74,21,72,22,71,23,75,24
Lucas François Bernard Hernández Pi,L. Hernández,220814,"['CB', 'LB']",France,Atlético de Madrid,86,75,20,76,21,82,22,84,23,82,24,83,25
Corentin Tolisso,C. Tolisso,219683,"['CM', 'CDM']",France,Olympique Lyonnais,86,78,21,82,22,83,23,83,24,80,25,80,26
Gonzalo Escalante,G. Escalante,219391,"['CDM', 'CM', 'CAM', 'RM']",Argentina,SD Eibar,86,78,23,78,24,78,25,77,26,,,77,28
Václav Černý,V. Černý,216860,"['RW', 'LW']",Czech Republic,Ajax,86,69,18,70,19,68,20,68,21,66,22,71,23
Rafael Alexandre Fernandes Ferreira da Silva,Rafa,216547,['LM'],Portugal,Portugal,86,80,23,78,24,79,25,82,26,83,27,82,28
Juan Pablo Añor Acosta,J. Añor,216468,"['RM', 'LM', 'CAM']",Venezuela,Málaga CF,86,76,22,76,23,75,24,73,25,71,26,,
Iñaki Williams Arthuer,Williams,216201,"['RW', 'LW']",Spain,Athletic Club de Bilbao,86,80,22,81,23,81,24,82,25,81,26,81,27
Keita Baldé Diao,K. Baldé Diao,215785,"['LW', 'RW', 'ST']",Senegal,Lazio,86,78,21,82,22,80,23,80,24,76,25,76,26
Bartłomiej Drągowski,B. Drągowski,215502,['GK'],Poland,Fiorentina,86,71,18,71,19,71,20,73,21,75,22,77,23
Alisson Ramsés Becker,Alisson,212831,['GK'],Brazil,Roma,86,80,23,80,24,85,25,89,26,90,27,89,28
Diego Javier Llorente Ríos,Diego Llorente,212602,"['CB', 'CDM', 'RB']",Spain,Málaga CF,86,78,22,79,23,76,24,77,25,76,26,77,27
Riechedly Bazoer,R. Bazoer,212269,['CM'],Netherlands,Ajax,86,77,19,75,20,74,21,73,22,72,23,76,24
Iuri José Picanço Medeiros,Iuri Medeiros,212230,"['RM', 'LM']",Portugal,Sporting CP,86,77,21,78,22,76,23,74,24,68,25,72,26
Sofiane Boufal,S. Boufal,211381,"['LW', 'RW', 'CAM']",Morocco,LOSC Lille,86,80,22,79,23,77,24,77,25,75,26,74,27
Domenico Berardi,D. Berardi,210935,['RW'],Italy,U.S. Sassuolo Calcio,86,82,21,81,22,78,23,78,24,80,25,82,26
Alessio Romagnoli,A. Romagnoli,210413,['CB'],Italy,AC Milan,86,78,21,79,22,82,23,83,24,83,25,82,26
Ederson Santana de Moraes,Ederson,210257,['GK'],Brazil,SL Benfica,86,78,22,83,23,86,24,88,25,88,26,89,27
Alejandro Grimaldo García,Grimaldo,210035,['LB'],Spain,SL Benfica,86,77,20,80,21,81,22,83,23,84,24,82,25
Leon Christoph Goretzka,L. Goretzka,209658,"['CM', 'RM', 'CDM']",Germany,FC Schalke 04,86,79,21,82,22,83,23,84,24,84,25,87,26
Frederico Rodrigues de Paula Santos,Fred,209297,"['CM', 'CDM', 'CAM']",Brazil,Shakhtar Donetsk,86,79,23,80,24,82,25,79,26,81,27,81,28
Óliver Torres Muñoz,Óliver Torres,208777,"['CM', 'RM', 'LM']",Spain,Atlético de Madrid,86,79,21,79,22,78,23,78,24,77,25,77,26
Luciano Darío Vietto,L. Vietto,207441,['ST'],Argentina,Sevilla FC,86,79,22,79,23,76,24,74,25,78,26,75,27
Jetro Willems,J. Willems,205995,['LB'],Netherlands,PSV,86,79,22,77,23,76,24,75,25,77,26,73,27
Arkadiusz Krystian Milik,A. Milik,205175,['ST'],Poland,Napoli,86,79,22,79,23,80,24,83,25,81,26,81,27
Michy Batshuayi Tunga,M. Batshuayi,204529,['ST'],Belgium,Chelsea,86,81,22,80,23,81,24,79,25,78,26,76,27
Eric Dier,E. Dier,202335,['CDM'],England,Tottenham Hotspur,86,78,22,82,23,80,24,79,25,78,26,79,27
Álvaro Borja Morata Martín,Morata,201153,"['ST', 'LW']",Spain,Real Madrid CF,86,82,23,84,24,83,25,83,26,82,27,83,28
Alex Oxlade-Chamberlain,A. Oxlade-Chamberlain,198784,"['RM', 'RW']",England,Arsenal,86,79,22,80,23,80,24,80,25,79,26,79,27
Ricardo Iván Rodríguez Araya,R. Rodríguez,193352,['LB'],Switzerland,VfL Wolfsburg,86,83,23,81,24,80,25,80,26,78,27,76,28
Stephan El Shaarawy,S. El Shaarawy,190813,['LW'],Italy,Roma,86,81,23,80,24,81,25,82,26,79,27,79,28
Adam Mohamed Ounas,A. Ounas,231242,['LM'],France,FC Girondins de Bordeaux,85,70,19,72,20,73,21,75,22,74,23,74,24
Mikel Oyarzabal Ugarte,Oyarzabal,230142,"['LW', 'RW', 'ST']",Spain,Real Sociedad,85,77,19,79,20,80,21,82,22,84,23,85,24
Matheus Pereira da Silva,Matheus Pereira,229337,['CAM'],Brazil,Empoli,85,70,18,70,19,,,71,21,70,22,67,23
Kasper Dolberg Rasmussen,K. Dolberg,228687,['ST'],Denmark,Ajax,85,68,18,78,19,76,20,76,21,79,22,79,23
Nélson Cabral Semedo,Nélson Semedo,227928,['RB'],Portugal,SL Benfica,85,76,22,81,23,80,24,82,25,83,26,80,27
Gelson Dany Batalha Martins,Gelson Martins,227055,['RM'],Portugal,Sporting CP,85,78,21,81,22,82,23,82,24,80,25,78,26
Vincent Janssen,V. Janssen,226537,['ST'],Netherlands,Tottenham Hotspur,85,78,22,77,23,77,24,75,25,76,26,75,27
Jesús Vallejo Lázaro,Vallejo,225161,['CB'],Spain,Eintracht Frankfurt,85,73,19,77,20,78,21,77,22,76,23,75,24
Lewis Cook,L. Cook,224294,"['CM', 'CDM', 'CAM']",England,AFC Bournemouth,85,71,19,71,20,77,21,77,22,75,23,75,24
Rúben Diogo da Silva Neves,Rúben Neves,224293,"['CDM', 'CM']",Portugal,FC Porto,85,75,19,77,20,79,21,82,22,82,23,82,24
Daniel Ceballos Fernández,Dani Ceballos,222509,"['CAM', 'CM', 'LM', 'RM']",Spain,Real Betis Balompié,85,77,19,78,20,78,21,81,22,80,23,77,24
Josh Onomah,J. Onomah,222079,"['CAM', 'RM']",England,Tottenham Hotspur,85,70,19,72,20,71,21,69,22,67,23,69,24
Godfred Donsah,G. Donsah,221695,['CM'],Ghana,Bologna,85,75,20,75,21,76,22,75,23,70,24,70,25
Simone Scuffet,S. Scuffet,220048,['GK'],Italy,Udinese Calcio,85,74,20,75,21,72,22,72,23,72,24,72,25
Sebastián Carlos Cristóforo Pepe,S. Cristóforo,219712,['CDM'],Uruguay,Sevilla FC,85,78,22,76,23,75,24,75,25,74,26,74,27
Théo Bongonda Mbul'Ofeko Batombo,T. Bongonda,217877,"['LW', 'LM', 'RW']",Belgium,RC Celta de Vigo,85,75,20,78,21,76,22,76,23,74,24,77,25
Wendell Nascimento Borges,Wendell,216466,['LB'],Brazil,Bayer 04 Leverkusen,85,78,22,77,23,78,24,77,25,77,26,75,27
Tin Jedvaj,T. Jedvaj,215930,"['RB', 'CB']",Croatia,Bayer 04 Leverkusen,85,75,20,76,21,76,22,75,23,75,24,73,25
Gnaly Maxwel Cornet,M. Cornet,215798,"['LW', 'RW', 'ST']",France,Olympique Lyonnais,85,75,19,73,20,75,21,76,22,75,23,75,24
Robert Kenedy Nunes do Nascimento,Kenedy,215639,"['LM', 'ST', 'LB']",Brazil,Chelsea,85,73,20,72,21,76,22,75,23,76,24,78,25
José Manuel García Naranjo,Naranjo,215568,"['LM', 'ST', 'RM']",Spain,RC Celta de Vigo,85,75,21,73,22,73,23,70,24,66,25,67,26
Claudio Matías Kranevitter,M. Kranevitter,214977,"['CDM', 'CM']",Argentina,Sevilla FC,85,77,23,77,24,,,,,76,27,77,28
Divock Okoth Origi,D. Origi,213135,"['ST', 'LW', 'RW']",Belgium,Liverpool,85,78,21,78,22,77,23,78,24,77,25,76,26
Levin Mete Öztunali,L. Öztunali,213134,"['RM', 'LM', 'CAM']",Germany,Bayer 04 Leverkusen,85,74,20,76,21,74,22,73,23,73,24,72,25
Yannick Gerhardt,Y. Gerhardt,212245,"['CM', 'CDM', 'LM']",Germany,VfL Wolfsburg,85,77,22,75,23,74,24,77,25,75,26,77,27
Timo Werner,T. Werner,212188,"['ST', 'LM']",Germany,RB Leipzig,85,75,20,82,21,83,22,83,23,85,24,84,25
José Luís Gayà Peña,Gayà,211688,['LB'],Spain,Valencia CF,85,80,21,79,22,79,23,81,24,83,25,83,26
Javier Manquillo Gaitán,Manquillo,210972,"['RB', 'LB']",Spain,Atlético de Madrid,85,77,22,76,23,74,24,74,25,76,26,74,27
Marc Stendera,M. Stendera,210583,"['CAM', 'CM', 'CDM']",Germany,Eintracht Frankfurt,85,76,20,76,21,74,22,73,23,,,69,25
Otávio Edmilson da Silva Monteiro,Otávio,210411,"['LW', 'CAM']",Brazil,FC Porto,85,76,21,77,22,78,23,79,24,80,25,81,26
Ricardo Domingos Barbosa Pereira,Ricardo Pereira,210243,"['RB', 'LB']",Portugal,OGC Nice,85,78,22,80,23,81,24,82,25,85,26,84,27
Adrien Rabiot,A. Rabiot,210008,"['CM', 'CDM']",France,Paris Saint-Germain,85,78,21,80,22,83,23,83,24,81,25,81,26
Abdul Rahman Baba,A. Baba,209620,"['LB', 'LM']",Ghana,FC Schalke 04,85,78,21,77,22,76,23,74,24,75,25,72,26
Ryan Gauld,R. Gauld,208919,"['CAM', 'LM']",Scotland,Vitória de Setúbal,85,73,20,73,21,71,22,,,70,24,75,25
Andrea Belotti,A. Belotti,208596,['ST'],Italy,Torino F.C.,85,77,22,83,23,82,24,82,25,80,26,81,27
Filip Kostić,F. Kostić,208574,['LM'],Serbia,Hamburger SV,85,80,23,78,24,,,82,26,83,27,84,28
Andreas Hugo Hoelgebaum Pereira,Andreas Pereira,208450,"['CAM', 'CM']",Brazil,Manchester United,85,72,20,77,21,78,22,77,23,75,24,76,25
Adnan Januzaj,A. Januzaj,208330,"['LM', 'RM', 'CAM']",Belgium,Sunderland,85,76,21,77,22,78,23,79,24,80,25,81,26
Bertrand Isidore Traoré,B. Traoré,207948,['ST'],Burkina Faso,Ajax,85,75,20,78,21,79,22,78,23,76,24,77,25
Mateo Kovačić,M. Kovačić,207410,['CM'],Croatia,Real Madrid CF,85,79,22,82,23,83,24,82,25,83,26,83,27
Sergio Rico González,Sergio Rico,206652,['GK'],Spain,Sevilla FC,85,80,22,81,23,80,24,77,25,77,26,77,27
Serge David Gnabry,S. Gnabry,206113,['RM'],Germany,Arsenal,85,73,20,79,21,82,22,84,23,85,24,85,25
Matija Nastasić,M. Nastasić,205362,['CB'],Serbia,FC Schalke 04,85,80,23,80,24,81,25,80,26,77,27,74,28
John Anthony Brooks,J. Brooks,204082,['CB'],United States,Hertha BSC,85,79,23,80,24,80,25,79,26,76,27,78,28
M'Baye Babacar Niang,M. Niang,204077,"['ST', 'LW']",France,AC Milan,85,78,21,78,22,77,23,77,24,78,25,76,26
Sergi Darder Moll,Sergi Darder,202648,"['CM', 'CDM']",Spain,Olympique Lyonnais,85,79,22,78,23,79,24,80,25,77,26,79,27
Paul-Georges Ntep de Madiba,P. Ntep,201533,"['LM', 'LW']",France,Stade Rennais FC,85,80,23,79,24,77,25,73,26,71,27,67,28
Rafael Alcântara do Nascimento,Rafinha,201400,"['CM', 'RW', 'LW', 'CDM']",Brazil,FC Barcelona,85,80,23,81,24,82,25,81,26,79,27,80,28
Lucas Rodrigues Moura da Silva,Lucas,200949,"['RW', 'LW']",Brazil,Paris Saint-Germain,85,82,23,82,24,82,25,83,26,83,27,81,28
Kevin Volland,K. Volland,200610,"['ST', 'RW', 'LW']",Germany,Bayer 04 Leverkusen,85,81,23,80,24,81,25,82,26,81,27,83,28
Borja González Tomás,Borja Bastón,194996,['ST'],Spain,Swansea City,85,80,23,78,24,74,25,75,26,,,73,28
Manuel Lanzini,M. Lanzini,188988,"['CAM', 'LM']",Argentina,West Ham United,85,79,23,81,24,81,25,80,26,78,27,77,28
Matthijs de Ligt,M. de Ligt,235243,['CB'],Netherlands,Ajax,84,63,16,76,17,80,18,85,19,85,20,85,21
Mamadou Doucouré,M. Doucouré,233728,['CB'],France,Borussia Mönchengladbach,84,62,18,62,19,62,20,62,21,62,22,62,23
Luka Jović,L. Jović,232432,['ST'],Serbia,SL Benfica,84,71,18,70,19,75,20,83,21,80,22,79,23
Santiago Lionel Ascacíbar,S. Ascacibar,232244,['CDM'],Argentina,Estudiantes de La Plata,84,71,19,73,20,78,21,76,22,76,23,74,24
Marko Grujić,M. Grujić,232099,['CM'],Serbia,Liverpool,84,70,20,71,21,73,22,77,23,75,24,75,25
Amine Harit,A. Harit,232097,"['CAM', 'CM']",France,FC Nantes,84,67,19,71,20,78,21,76,22,77,23,75,24
Abdülkadir Ömür,A. Ömür,231777,"['CM', 'CAM']",Turkey,Trabzonspor,84,66,17,64,18,70,19,74,20,75,21,74,22
Issa Diop,I. Diop,231633,['CB'],France,Toulouse Football Club,84,73,19,76,20,76,21,78,22,77,23,77,24
João Miguel Macedo da Silva,Miguel Silva,231545,['GK'],Portugal,Vitória de Guimarães,84,73,21,71,22,75,23,75,24,74,25,74,26
Tammy Bakumo-Abraham,T. Abraham,231352,['ST'],England,Bristol City,84,67,18,73,19,74,20,76,21,78,22,78,23
Emre Mor,E. Mor,231240,"['ST', 'RW']",Turkey,Borussia Dortmund,84,64,18,70,19,74,20,72,21,72,22,72,23
Ádám Nagy,Á. Nagy,230936,['CDM'],Hungary,Bologna,84,72,21,74,22,74,23,75,24,72,25,70,26
Amadou Diawara,A. Diawara,230613,"['CDM', 'CM']",Guinea,Bologna,84,74,18,77,19,77,20,75,21,75,22,76,23
João Maria Lobo Alves Palhinha Gonçalves,Palhinha,229391,"['CDM', 'CM']",Portugal,Belenenses SAD,84,74,20,76,21,,,76,23,78,24,82,25
Milot Rashica,M. Rashica,229167,"['RW', 'LW']",Kosovo,Vitesse,84,74,20,75,21,76,22,79,23,79,24,77,25
Aminu Umar,A. Umar,229092,['RM'],Nigeria,Ankaraspor,84,74,21,75,22,76,23,,,73,25,71,26
Sebastian Gamarra Ruíz,S. Gamarra,228742,"['CM', 'CDM']",Bolivia,Attacking,84,68,19,,,,,,,63,23,,
Felix Passlack,F. Passlack,228080,"['RB', 'RM', 'LB']",Germany,Borussia Dortmund,84,67,18,69,19,69,20,68,21,68,22,70,23
Christian Pulisic,C. Pulisic,227796,['LM'],United States,Borussia Dortmund,84,69,17,78,18,79,19,79,20,81,21,82,22
Pablo Fornals Malla,Pablo Fornals,226456,"['CM', 'LM', 'RM']",Spain,Málaga CF,84,76,20,77,21,80,22,81,23,79,24,79,25
Aritz Elustondo Irribaria,Aritz Elustondo,226221,"['RB', 'CB']",Spain,Real Sociedad,84,76,22,77,23,75,24,77,25,76,26,79,27
Marcos Llorente Moreno,Marcos Llorente,226161,"['CM', 'CAM', 'CDM']",Spain,Deportivo Alavés,84,73,21,77,22,79,23,80,24,82,25,86,26
Steven Charles Bergwijn,S. Bergwijn,225953,"['LW', 'RW']",Netherlands,PSV,84,69,18,74,19,76,20,82,21,83,22,80,23
Presnel Kimpembe,P. Kimpembe,225850,['CB'],France,Paris Saint-Germain,84,73,20,76,21,83,22,82,23,81,24,83,25
Marlos Moreno Durán,M. Moreno,225811,"['LW', 'RW', 'CF']",Colombia,Deportivo de La Coruña,84,72,19,72,20,,,72,22,,,68,24
Oliver Burke,O. Burke,225632,"['RM', 'RW']",Scotland,Nottingham Forest,84,68,19,70,20,70,21,69,22,67,23,68,24
Jarlan Junior Barrera Escalona,J. Barrera,225182,['CAM'],Colombia,Junior FC,84,71,20,72,21,73,22,74,23,75,24,73,25
Nemanja Radoja,N. Radoja,225028,"['CDM', 'CM']",Serbia,RC Celta de Vigo,84,78,23,78,24,77,25,,,75,27,75,28
Diogo José Teixeira da Silva,Diogo Jota,224458,['LW'],Portugal,Atlético de Madrid,84,75,19,77,20,78,21,80,22,80,23,82,24
Gonçalo Manuel Ganchinho Guedes,Gonçalo Guedes,224411,"['RM', 'LM']",Portugal,SL Benfica,84,74,19,74,20,82,21,83,22,81,23,81,24
Orkan Çınar,O. Çinar,223749,"['RM', 'LM']",Turkey,Gaziantepspor,84,72,20,72,21,72,22,72,23,71,24,,
Timon Janis Wellenreuther,T. Wellenreuther,223686,['GK'],Germany,FC Schalke 04,84,72,20,68,21,66,22,69,23,71,24,70,25
Federico San Emeterio Díaz,Fede,223654,"['CDM', 'CM']",Spain,Sevilla Atlético,84,69,19,69,20,70,21,73,22,73,23,73,24
Ozan Tufan,O. Tufan,223154,"['CM', 'CDM', 'RM', 'CB']",Turkey,Fenerbahçe SK,84,76,21,76,22,74,23,73,24,72,25,76,26
Dorin Rotariu,D. Rotariu,223074,"['RW', 'LW', 'CF']",Romania,Romania,84,69,20,71,21,71,22,70,23,,,69,25
Jorge Meré Pérez,Jorge Meré,223033,['CB'],Spain,Real Sporting de Gijón,84,76,19,78,20,77,21,77,22,72,23,72,24
Alexis Blin,A. Blin,222982,['CDM'],France,Toulouse Football Club,84,73,19,72,20,72,21,73,22,73,23,72,24
Malcom Filipe Silva de Oliveira,Malcom,222737,"['CAM', 'ST']",Brazil,FC Girondins de Bordeaux,84,74,19,79,20,83,21,,,,,,
Isaac Ajayi Success,I. Success,222634,"['RW', 'ST', 'LW']",Nigeria,Watford,84,74,20,73,21,73,22,73,23,71,24,70,25
Adrián Andrés Cubas,A. Cubas,222429,['CDM'],Argentina,Boca Juniors,84,73,20,74,21,72,22,74,23,75,24,75,25
Lukas Manuel Klostermann,L. Klostermann,222331,['RB'],Germany,RB Leipzig,84,72,20,72,21,75,22,79,23,80,24,80,25
Elmir Nabiullin,E. Nabiullin,222265,"['LB', 'LM', 'LW']",Russia,Rubin Kazan,84,72,21,71,22,,,,,,,,
Hirving Rodrigo Lozano Bahena,H. Lozano,221992,"['LW', 'RW']",Mexico,Mexico,84,76,20,78,21,80,22,82,23,80,24,81,25
Adam Armstrong,A. Armstrong,221841,['ST'],England,Newcastle United,84,68,19,68,20,68,21,69,22,73,23,76,24
Nico Elvedi,N. Elvedi,221491,"['CB', 'RB', 'CDM']",Switzerland,Borussia Mönchengladbach,84,72,19,74,20,76,21,78,22,78,23,79,24
Érick Gabriel Gutiérrez Galaviz,E. Gutiérrez,220854,['CM'],Mexico,Pachuca,84,76,21,76,22,77,23,75,24,74,25,73,26
Federico Mattiello,F. Mattiello,220466,"['LB', 'RB']",Italy,Juventus,84,72,20,70,21,72,22,72,23,71,24,71,25
Jason Grégory Marianne Denayer,J. Denayer,220182,['CB'],Belgium,Manchester City,84,74,21,74,22,74,23,79,24,79,25,80,26
Georges-Kévin Nkoudou Mbida,G. Nkoudou,219732,['LM'],France,Olympique de Marseille,84,78,21,77,22,76,23,74,24,75,25,75,26
Jordan Kévin Amavi,J. Amavi,219681,['LB'],France,Aston Villa,84,76,22,74,23,77,24,74,25,78,26,77,27
Víctor Camarasa Ferrando,Camarasa,219571,"['CM', 'CDM']",Spain,Deportivo Alavés,84,76,22,76,23,76,24,76,25,75,26,72,27
Luís Rafael Soares Alves,Rafa Soares,218936,['LB'],Portugal,Rio Ave FC,84,71,21,75,22,72,23,73,24,73,25,73,26
Federico Nicolás Cartabia,F. Cartabia,216796,"['RM', 'LM', 'CAM']",Argentina,Valencia CF,84,77,23,76,24,76,25,,,,,,
Rúben Afonso Borges Semedo,Rúben Semedo,216778,['CB'],Portugal,Sporting CP,84,78,22,78,23,74,24,76,25,75,26,77,27
Gedion Zelalem,G. Zelalem,216699,['CM'],United States,Arsenal,84,67,19,65,20,65,21,64,22,63,23,63,24
Bartosz Kapustka,B. Kapustka,216003,"['LM', 'CAM']",Poland,Leicester City,84,71,19,72,20,,,71,22,69,23,70,24
Rúben Miguel Nunes Vezo,Rúben Vezo,215399,['CB'],Portugal,Valencia CF,84,77,22,74,23,77,24,78,25,77,26,76,27
Axel Wilfredo Werner,A. Werner,215213,['GK'],Argentina,Boca Juniors,84,69,20,69,21,72,22,70,23,70,24,70,25
Adama Traoré Diarra,Adama,213956,['RW'],Spain,Aston Villa,84,72,20,73,21,75,22,74,23,79,24,78,25
Alan Nahuel Ruiz,A. Ruiz,213582,"['CF', 'CAM', 'ST']",Argentina,Sporting CP,84,75,22,78,23,76,24,73,25,,,72,27
Niklas Stark,N. Stark,212977,"['CB', 'CDM', 'CM']",Germany,Hertha BSC,84,74,21,78,22,78,23,79,24,76,25,76,26
Wylan Cyprien,W. Cyprien,212886,"['CM', 'CDM', 'CAM', 'RM']",France,OGC Nice,84,71,21,79,22,78,23,77,24,77,25,73,26
Álvaro Medrán Just,Medrán,212476,"['CM', 'CDM', 'CAM']",Spain,Valencia CF,84,77,22,74,23,75,24,75,25,74,26,73,27
Federico Bernardeschi,F. Bernardeschi,212404,"['RM', 'LM']",Italy,Italy,84,78,22,82,23,82,24,83,25,80,26,79,27
Karol Linetty,K. Linetty,211408,"['CDM', 'CAM']",Poland,Poland,84,74,21,75,22,76,23,76,24,74,25,74,26
Marco Benassi,M. Benassi,211354,['CM'],Italy,Torino F.C.,84,77,22,79,22,77,23,77,24,74,25,72,26
Corentin Jean,C. Jean,211239,"['ST', 'LM', 'RM']",France,AS Monaco,84,72,20,74,21,74,22,72,23,71,24,70,25
Valentino Lazaro,V. Lazaro,211147,"['RM', 'RW', 'LM']",Austria,FC Red Bull Salzburg,84,72,20,71,21,77,22,75,23,79,24,77,25
Rubén Blanco Veiga,Rubén Blanco,211101,['GK'],Spain,RC Celta de Vigo,84,73,20,75,21,77,22,76,23,76,24,75,25
Chancel Mbemba Mangulu,C. Mbemba,210897,['CB'],Congo DR,Newcastle United,84,77,21,76,22,75,23,73,24,75,25,79,26
Morgan Sanson,M. Sanson,210896,"['CM', 'CDM', 'CAM', 'LM']",France,Montpellier Hérault SC,84,78,21,81,22,80,23,79,24,79,25,76,26
Björn Engels,B. Engels,210828,['CB'],Belgium,Club Brugge KV,84,76,21,75,22,,,76,24,74,25,73,26
Juan Fernando Quintero Paniagua,J. Quintero,210513,['CAM'],Colombia,FC Porto,84,79,23,77,24,78,25,80,26,79,27,79,28
Kevin Wimmer,K. Wimmer,209997,['CB'],Austria,Tottenham Hotspur,84,79,23,78,24,75,25,73,26,71,27,69,28
Hakim Ziyech,H. Ziyech,208670,['CAM'],Morocco,FC Twente,84,80,23,81,24,82,25,85,26,85,27,84,28
Abdoulaye Doucouré,A. Doucouré,208135,"['CM', 'CAM']",France,Watford,84,78,23,78,24,81,25,81,26,78,27,79,28
Hakan Çalhanoğlu,H. Çalhanoğlu,208128,"['CAM', 'LM', 'CM']",Turkey,Bayer 04 Leverkusen,84,80,22,79,23,80,24,80,25,79,26,82,27
Sergi Samper Montañá,Sergi Samper,208088,"['CDM', 'CM']",Spain,FC Barcelona,84,74,21,73,22,73,23,70,24,67,25,70,26
Mitchell Weiser,M. Weiser,206591,"['RB', 'RM']",Germany,Hertha BSC,84,76,22,78,23,78,24,77,25,76,26,73,27
Maximilian Arnold,M. Arnold,206511,"['CM', 'CAM', 'CDM']",Germany,VfL Wolfsburg,84,79,22,79,23,78,24,79,25,79,26,81,27
Alassane Alexandre Pléa,A. Pléa,206467,"['ST', 'RM']",France,OGC Nice,84,77,23,79,24,80,25,81,26,80,27,79,28
Dominique Heintz,D. Heintz,206198,['CB'],Germany,1. FC Köln,84,77,22,78,23,77,24,76,25,75,26,74,27
Yvon Landry Mvogo Nganoma,Y. Mvogo,206003,['GK'],Switzerland,BSC Young Boys,84,75,22,75,23,75,24,76,25,76,26,76,27
Leonardo Carrilho Baptistão,Leo Baptistao,205976,['ST'],Brazil,RCD Espanyol de Barcelona,84,79,23,80,24,79,25,79,26,78,27,78,28
James Ward-Prowse,J. Ward-Prowse,205569,"['CM', 'CAM', 'RM']",England,Southampton,84,76,21,78,22,77,23,79,24,79,25,81,26
Bernard Anício Caldeira Duarte,Bernard,205525,"['CAM', 'LW']",Brazil,Shakhtar Donetsk,84,79,23,79,24,,,80,26,78,27,,
Thorgan Ganael Francis Hazard,T. Hazard,203486,"['CAM', 'RM', 'ST', 'LM']",Belgium,Borussia Mönchengladbach,84,79,23,80,24,81,25,82,26,83,27,82,28
Davy Klaassen,D. Klaassen,203483,"['CAM', 'CM']",Netherlands,Ajax,84,80,23,82,24,79,25,80,26,77,27,79,28
Jannik Vestergaard,J. Vestergaard,202849,['CB'],Denmark,Borussia Mönchengladbach,84,79,23,79,24,80,25,78,26,77,27,78,28
Johannes Geis,J. Geis,202087,"['CDM', 'CM']",Germany,FC Schalke 04,84,79,22,77,23,75,24,74,25,73,26,71,27
Felipe Anderson Pereira Gomes,Felipe Anderson,201995,"['LW', 'RW', 'CAM']",Brazil,Lazio,84,79,23,81,24,82,25,84,26,81,27,78,28
Ahmed Musa,A. Musa,201818,"['ST', 'LM']",Nigeria,Leicester City,84,78,23,76,24,75,25,73,26,73,27,72,28
Djibril Sidibé,D. Sidibé,201042,"['LB', 'RB']",France,AS Monaco,84,79,23,79,24,80,25,77,26,78,27,78,28
Muhamed Bešić,M. Bešić,200765,['CDM'],Bosnia and Herzegovina,Everton,84,76,23,76,24,75,25,72,26,70,27,70,28
Lucas Digne,L. Digne,200458,['LB'],France,FC Barcelona,84,79,22,79,23,78,24,83,25,84,26,84,27
Gilbert Gianelli Imbula Wanga,G. Imbula,197681,"['CM', 'CDM']",France,Stoke City,84,79,23,77,24,75,25,75,26,,,68,28
Diego Antonio Reyes Rosales,D. Reyes,192012,"['CB', 'CDM']",Mexico,FC Porto,84,78,23,77,24,77,25,76,26,72,27,67,28
Malang Sarr,M. Sarr,235454,"['LB', 'CB']",France,OGC Nice,83,69,17,75,18,74,19,76,20,,,74,22
Johannes Eggestein,J. Eggestein,234399,['ST'],Germany,SV Werder Bremen,83,64,18,66,19,66,20,73,21,69,22,72,23
Patrik Schick,P. Schick,234236,['ST'],Czech Republic,U.C. Sampdoria,83,72,20,77,21,77,22,76,23,78,24,79,25
Odsonne Édouard,O. Edouard,233866,['RM'],France,Toulouse Football Club,83,67,18,70,19,72,20,74,21,75,22,75,23
Kamada Daichi,D. Kamada,232730,"['CAM', 'CM']",Japan,Sagan Tosu,83,67,19,70,20,70,21,73,22,76,23,79,24
Chidozie Collins Awaziem,C. Awaziem,232693,['CB'],Nigeria,FC Porto,83,72,19,71,20,74,21,74,22,73,23,72,24
Caio Henrique Oliveira Silva,Caio Henrique,232440,['CAM'],Brazil,Atlético de Madrid,83,66,18,67,19,,,,,68,22,77,23
Federico Ricca Rostagnol,F. Ricca,232437,['LB'],Uruguay,Málaga CF,83,75,21,74,22,74,23,75,24,73,25,73,26
Caglar Soyuncu,Ç. Söyüncü,232119,['CB'],Turkey,Sport-Club Freiburg,83,69,20,74,21,75,22,74,23,80,24,80,25
Mitchell van Bergen,M. van Bergen,231864,"['RW', 'LW']",Netherlands,Vitesse,83,63,16,64,17,64,18,70,19,74,20,73,21
Miguel Angel Almiron Rejala,M. Almirón,230977,['CM'],Paraguay,Paraguay,83,75,22,79,23,80,24,80,25,78,26,77,27
Mile Svilar,M. Svilar,230872,['GK'],Belgium,RSC Anderlecht,83,63,16,63,17,67,18,68,19,,,68,21
King Manaj,R. Manaj,230800,['ST'],Albania,Pescara,83,67,19,67,20,67,21,70,22,69,23,69,24
Assane Diousse El Hadji,A. Dioussé,230144,"['CDM', 'CM']",Senegal,Empoli,83,67,18,71,19,72,20,72,21,71,22,70,23
Cesar Jasib Montes Castro,C. Montes,229980,['CB'],Mexico,CF Monterrey,83,73,19,74,20,73,21,73,22,75,23,75,24
Gerson Santos da Silva,Gerson,229927,"['RM', 'CAM']",Brazil,Roma,83,67,19,67,20,73,21,,,,,80,24
Stefano Sensi,S. Sensi,229857,"['CDM', 'CM']",Italy,U.S. Sassuolo Calcio,83,71,20,73,21,73,22,77,23,78,24,80,25
Gaston Rodrigo Pereiro Lopez,G. Pereiro,229636,"['RW', 'LW']",Uruguay,PSV,83,75,21,76,22,76,23,77,24,75,25,73,26
Dalbert Henrique Chagas Estevão,Dalbert,229148,"['LB', 'LM']",Brazil,OGC Nice,83,74,22,77,23,76,24,76,25,73,26,71,27
Christian Rivera Hernandez,Christian Rivera,229038,"['CM', 'CDM']",Spain,SD Eibar,83,65,18,71,19,70,20,69,21,66,22,68,23
Lorenzo Pellegrini,L. Pellegrini,228251,['CM'],Italy,U.S. Sassuolo Calcio,83,71,20,77,21,78,22,79,23,79,24,81,25
Almamy Toure,A. Touré,227873,['RB'],Mali,AS Monaco,83,70,20,73,21,74,22,74,23,74,24,74,25
Bart Ramselaar,B. Ramselaar,227633,"['CAM', 'CM']",Netherlands,PSV,83,74,20,76,21,75,22,73,23,71,24,72,25
Lucas Simon Pierre Tousart,L. Tousart,227234,"['CM', 'CDM']",France,Olympique Lyonnais,83,67,19,78,20,79,21,78,22,76,23,76,24
Gift of Wilfred Ndidi,O. Ndidi,226790,"['CDM', 'CB']",Nigeria,KRC Genk,83,72,19,77,20,80,21,81,22,84,23,85,24
