Player name,Known as,player_id,position,nationality,team,Fifa 15 Potential rating,Fifa 15 overall_rating,Fifa 15 age,Fifa 16 overall_rating,Fifa 16 age,Fifa 17 overall_rating,Fifa 17 age,Fifa 18 overall_rating,Fifa 18 age,Fifa 19 overall_rating,Fifa 19 age,Fifa 20 overall_rating,Fifa 20 age,Fifa 21 overall_rating,Fifa 21 age,Fifa 22 overall_rating,Fifa 22 age
James Rodriguez,J. Rodríguez,198710,"['CAM', 'RW']",Colombia,Real Madrid CF,92,86,22,87,23,87,24,86,25,88,26,85,27,82,28,81,29
Mario Gotze,M. Götze,192318,"['CAM', 'CF', 'CM', 'RM']",Germany,FC Bayern München,91,85,22,84,23,84,24,81,25,82,26,82,27,,,82,29
Neymar Da Silva Santos Jr,Neymar,190871,['LW'],Brazil,FC Barcelona,91,86,22,88,23,92,24,92,25,92,26,92,27,91,28,91,29
Thibaut Courtois,T. Courtois,192119,['GK'],Belgium,Chelsea,90,86,22,86,23,89,24,89,25,90,26,88,27,89,28,89,29
Eden Hazard,E. Hazard,183277,"['LM', 'RM']",Belgium,Chelsea,90,88,23,89,24,88,25,90,26,91,27,91,28,88,29,85,30
Paul Pogba,P. Pogba,195864,['CM'],France,Juventus,89,83,21,86,22,88,23,87,24,88,25,88,26,86,27,87,28
Youri Tielemans,Y. Tielemans,216393,['CM'],Belgium,RSC Anderlecht,88,73,17,76,18,77,19,80,20,79,21,80,22,81,23,84,24
Aymeric Laporte,A. Laporte,212218,"['CB', 'LB']",France,Athletic Club de Bilbao,88,81,20,83,21,84,22,84,23,83,24,87,25,87,26,86,27
Memphis Depay,M. Depay,202556,['LW'],Netherlands,PSV,88,78,20,81,21,80,22,80,23,83,24,84,25,85,26,85,27
Raphael Varane,R. Varane,201535,['CB'],France,Real Madrid CF,88,81,21,82,22,84,23,85,24,86,25,85,26,86,27,86,28
Juan Manuel Iturbe,J. Iturbe,199151,['RW'],Argentina,Roma,88,77,21,77,22,77,23,76,24,76,25,72,26,72,27,,
Francisco Roman Alarcon Suarez,Isco,197781,"['CAM', 'CM', 'LM', 'CDM']",Spain,Real Madrid CF,88,83,22,84,23,84,24,86,25,89,26,86,27,84,28,82,29
Antoine Griezmann,A. Griezmann,194765,"['LW', 'LM']",France,Atlético de Madrid,88,82,23,83,24,88,25,88,26,89,27,89,28,87,29,85,30
Marc Andre Ter Stegen,M. ter Stegen,192448,['GK'],Germany,FC Barcelona,88,82,22,82,23,83,24,85,25,89,26,90,27,90,28,90,29
Christian Eriksen,C. Eriksen,190460,"['LM', 'CAM']",Denmark,Tottenham Hotspur,88,83,22,83,23,84,24,87,25,88,26,88,27,85,28,82,29
Simone Scuffet,S. Scuffet,220048,['GK'],Italy,Udinese Calcio,87,71,18,72,19,74,20,75,21,72,22,72,23,72,24,72,25
Maximilian Meyer,M. Meyer,212150,"['CAM', 'LM']",Germany,FC Schalke 04,87,75,18,78,19,80,20,79,21,79,22,78,23,76,24,72,25
Lazar Markovic,L. Marković,212125,"['RM', 'LM']",Serbia,Liverpool,87,78,20,77,21,78,22,76,23,75,24,,,,,,
Domenico Berardi,D. Berardi,210935,"['RW', 'ST']",Italy,U.S. Sassuolo Calcio,87,74,19,80,20,82,21,81,22,78,23,78,24,80,25,82,26
Adnan Januzaj,A. Januzaj,208330,"['LM', 'RM', 'CAM']",Belgium,Manchester United,87,75,19,75,20,76,21,77,22,78,23,79,24,80,25,81,26
Lucas Rodrigues M Silva,Lucas,200949,"['RW', 'RM']",Brazil,Paris Saint-Germain,87,82,21,82,22,82,23,82,24,82,25,83,26,83,27,81,28
David Alaba,D. Alaba,197445,"['LB', 'CM', 'CDM', 'LM']",Austria,FC Bayern München,87,82,22,85,23,87,24,86,25,85,26,85,27,84,28,84,29
David De Gea Quintana,De Gea,193080,['GK'],Spain,Manchester United,87,83,23,86,24,90,25,90,26,91,27,89,28,86,29,84,30
Stephan El Shaarawy,S. El Shaarawy,190813,['LW'],Italy,AC Milan,87,80,21,80,22,81,23,80,24,81,25,82,26,79,27,79,28
Oscar Dos Santos Emboaba,Oscar,188152,"['CAM', 'RM']",Brazil,Chelsea,87,84,22,84,23,83,24,83,25,82,26,83,27,83,28,82,29
Ilkay Gundogan,İ. Gündoğan,186942,"['CM', 'CDM', 'CAM']",Germany,Borussia Dortmund,87,83,23,82,24,85,25,85,26,84,27,84,28,83,29,85,30
Alen Halilovic,A. Halilović,216349,"['CAM', 'RW', 'CF']",Croatia,FC Barcelona B,86,71,18,73,19,79,20,77,21,76,22,72,23,71,24,69,25
Angel Correa,Á. Correa,214997,"['CAM', 'ST']",Argentina,San Lorenzo de Almagro,86,75,19,76,20,79,21,79,22,80,23,82,24,82,25,83,26
Richairo Zivkovic,R. Živković,212210,['ST'],Netherlands,Ajax,86,69,17,69,18,68,19,69,20,70,21,,,67,23,,
Julian Brandt,J. Brandt,212194,"['LW', 'RM']",Germany,Bayer 04 Leverkusen,86,70,18,74,19,79,20,80,21,82,22,84,23,84,24,81,25
Juan Fernando Quintero,J. Quintero,210513,"['CAM', 'LW']",Colombia,FC Porto,86,78,21,78,22,79,23,77,24,78,25,80,26,79,27,79,28
Marcos Aoas Correa,Marquinhos,207865,['CB'],Brazil,Paris Saint-Germain,86,77,20,81,21,82,22,83,23,84,24,86,25,85,26,87,27
Mateo Kovacic,M. Kovačić,207410,['CM'],Croatia,Inter,86,75,20,78,21,79,22,82,23,83,24,82,25,83,26,83,27
Mattia De Sciglio,M. De Sciglio,206058,"['RB', 'LB']",Italy,AC Milan,86,76,21,76,22,76,23,76,24,78,25,77,26,78,27,76,28
Luke Shaw,L. Shaw,205988,['LB'],England,Manchester United,86,75,18,77,19,80,20,79,21,78,22,81,23,81,24,84,25
Bernard Anicio Caldeira Duarte,Bernard,205525,['CAM'],Brazil,Shakhtar Donetsk,86,80,21,78,22,79,23,79,24,,,80,26,78,27,,
Michy Batshuayi,M. Batshuayi,204529,['ST'],Belgium,Olympique de Marseille,86,76,20,78,21,81,22,80,23,81,24,79,25,78,26,76,27
Inigo Martinez Berridi,Iñigo Martínez,204525,['CB'],Spain,Real Sociedad,86,80,23,81,24,81,25,82,26,79,27,80,28,80,29,81,30
Lucas Domingues Piazon,Lucas Piazon,203038,"['LW', 'LM']",Brazil,Eintracht Frankfurt,86,76,20,75,21,74,22,74,23,73,24,72,25,71,26,75,27
Raheem Sterling,R. Sterling,202652,"['RW', 'LW', 'CAM']",England,Liverpool,86,80,19,82,20,82,21,82,22,85,23,88,24,88,25,88,26
Julian Draxler,J. Draxler,202166,"['LM', 'CAM', 'RM']",Germany,FC Schalke 04,86,80,20,80,21,84,22,84,23,83,24,83,25,80,26,80,27
Mauro Icardi,M. Icardi,201399,['ST'],Argentina,Inter,86,76,21,79,22,82,23,84,24,87,25,85,26,85,27,83,28
Marco Verratti,M. Verratti,199556,"['CM', 'CDM']",Italy,Paris Saint-Germain,86,80,21,84,22,85,23,87,24,86,25,86,26,86,27,87,28
Ross Barkley,R. Barkley,199189,['CAM'],England,Everton,86,78,20,79,21,81,22,81,23,79,24,79,25,78,26,78,27
Alex Oxlade Chamberlain,A. Oxlade-Chamberlain,198784,"['RM', 'CM', 'RW']",England,Arsenal,86,78,20,79,21,79,22,80,23,80,24,80,25,79,26,79,27
Rodrigo Moreno Machado,Rodrigo,198329,"['ST', 'CF', 'LW', 'RW']",Spain,Valencia CF,86,80,23,79,24,78,25,78,26,84,27,83,28,82,29,79,30
Xherdan Shaqiri,X. Shaqiri,193348,"['RM', 'LM', 'CAM']",Switzerland,FC Bayern München,86,80,22,80,23,82,24,82,25,81,26,82,27,81,28,79,29
Kevin De Bruyne,K. De Bruyne,192985,"['CAM', 'LM', 'RM']",Belgium,VfL Wolfsburg,86,81,23,86,24,88,25,89,26,91,27,91,28,91,29,91,30
Romelu Lukaku,R. Lukaku,192505,['ST'],Belgium,Everton,86,80,21,80,22,84,23,86,24,87,25,85,26,85,27,88,28
Eliaquim Mangala,E. Mangala,190531,['CB'],France,Manchester City,86,80,23,80,24,80,25,79,26,78,27,76,28,74,29,73,30
Thiago Alcantara,Thiago,189509,"['CM', 'CAM', 'CDM']",Spain,FC Bayern München,86,81,23,83,24,84,25,88,26,86,27,87,28,85,29,86,30
Philippe Coutinho Correia,Coutinho,189242,"['CAM', 'LW', 'CM']",Brazil,Liverpool,86,81,22,84,23,85,24,86,25,88,26,86,27,83,28,82,29
Mario Balotelli,M. Balotelli,186627,['ST'],Italy,Liverpool,86,82,23,80,24,79,25,82,26,83,27,82,28,79,29,76,30
Aaron Ramsey,A. Ramsey,186561,"['CM', 'CDM']",Wales,Arsenal,86,83,23,82,24,84,25,82,26,82,27,83,28,82,29,80,30
Balde Diao Keita,B. Keita,215785,"['LW', 'RW']",Spain,Lazio,85,76,19,76,20,78,21,82,22,80,23,80,24,76,25,76,26
Aleksandar Mitrovic,A. Mitrović,215716,['ST'],Serbia,RSC Anderlecht,85,74,19,76,20,76,21,75,22,76,23,78,24,77,25,75,26
Divock Origi,D. Origi,213135,"['LW', 'CF']",Belgium,LOSC Lille,85,75,19,76,20,78,21,78,22,77,23,78,24,77,25,76,26
Timo Werner,T. Werner,212188,"['LM', 'ST']",Germany,VfB Stuttgart,85,70,18,72,19,75,20,82,21,83,22,83,23,85,24,84,25
Ricardo Kishna,R. Kishna,211176,"['LW', 'RW']",Netherlands,Ajax,85,73,19,75,20,75,21,75,22,,,71,24,67,25,,
Bernard Malanda Adje,Junior Malanda,210248,"['CDM', 'CB']",Belgium,VfL Wolfsburg,85,73,19,,,,,,,,,,,,,,
Leon Goretzka,L. Goretzka,209658,"['RM', 'LM', 'CDM']",Germany,FC Schalke 04,85,73,19,74,20,79,21,82,22,83,23,84,24,84,25,87,26
Frederico R De Paula S,Fred,209297,"['CAM', 'CDM']",Brazil,Shakhtar Donetsk,85,73,21,78,22,79,23,80,24,82,25,79,26,81,27,81,28
Zakaria Bakkali,Z. Bakkali,208790,"['RW', 'LW']",Belgium,PSV,85,71,18,73,19,74,20,72,21,70,22,,,69,24,,
Oliver Torres Munoz,Óliver Torres,208777,"['LW', 'RW']",Spain,FC Porto,85,74,19,79,20,79,21,79,22,78,23,78,24,77,25,77,26
Matthias Ginter,M. Ginter,207862,"['CB', 'CDM', 'CM']",Germany,Borussia Dortmund,85,77,20,77,21,77,22,78,23,80,24,81,25,82,26,84,27
William Silva De Carvalho,William Carvalho,207566,['CDM'],Portugal,Sporting CP,85,78,22,81,23,84,24,83,25,84,26,83,27,80,28,78,29
Luciano Vietto,L. Vietto,207441,['ST'],Argentina,Villarreal CF,85,74,20,79,21,79,22,79,23,76,24,74,25,78,26,75,27
Will Hughes,W. Hughes,206516,['CM'],England,Derby County,85,70,19,73,20,74,21,75,22,76,23,77,24,76,25,76,26
James Ward Prowse,J. Ward-Prowse,205569,"['CM', 'RM', 'CAM']",England,Southampton,85,74,19,74,20,76,21,78,22,77,23,79,24,79,25,81,26
Luiz Frello Filho Jorge,Jorginho,205498,"['CDM', 'CM']",Italy,Napoli,85,75,22,77,23,81,24,81,25,84,26,83,27,83,28,85,29
Roberto Firmino Barbosa De Oliveira,Roberto Firmino,201942,"['CAM', 'CF']",Brazil,TSG Hoffenheim,85,81,22,82,23,82,24,83,25,86,26,86,27,87,28,85,29
Layvin Kurzawa,L. Kurzawa,201510,['LB'],France,AS Monaco,85,76,21,80,22,81,23,80,24,79,25,77,26,77,27,76,28
Alvaro Borja Morata Martin,Morata,201153,['ST'],Spain,Juventus,85,77,21,81,22,82,23,84,24,83,25,83,26,82,27,83,28
Lorenzo Insigne,L. Insigne,198219,"['CAM', 'CF', 'LW']",Italy,Napoli,85,78,23,81,24,83,25,85,26,88,27,87,28,85,29,86,30
Mattia Perin,M. Perin,198009,['GK'],Italy,Italy,85,76,21,81,22,83,23,83,24,84,25,82,26,82,27,80,28
Jorge Resurreccion,Koke,193747,"['LM', 'RM', 'CM']",Spain,Atlético de Madrid,85,82,22,83,23,84,24,84,25,85,26,85,27,85,28,85,29
Bernd Leno,B. Leno,192563,['GK'],Germany,Bayer 04 Leverkusen,85,82,22,84,23,86,24,85,25,84,26,84,27,85,28,83,29
Shkodran Mustafi,S. Mustafi,192227,['CB'],Germany,Valencia CF,85,77,22,82,23,83,24,84,25,82,26,79,27,78,28,74,29
Iker Muniain Goni,Muniaín,189575,"['LW', 'CAM']",Spain,Athletic Club de Bilbao,85,80,21,80,22,78,23,78,24,80,25,82,26,83,27,83,28
Jack Wilshere,J. Wilshere,189461,"['CM', 'CDM', 'LM']",England,Arsenal,85,81,22,81,23,82,24,81,25,80,26,79,27,76,28,,
Clement Grenier,C. Grenier,187924,"['CAM', 'CM']",France,Olympique Lyonnais,85,77,23,78,24,77,25,75,26,78,27,78,28,73,29,,
Mateo Musacchio,M. Musacchio,186547,"['CB', 'CDM']",Argentina,Villarreal CF,85,80,23,81,24,83,25,83,26,80,27,80,28,78,29,,
Christian Benteke,C. Benteke,184111,['ST'],Belgium,Aston Villa,85,80,23,82,24,81,25,81,26,78,27,75,28,72,29,75,30
Bilal Ould Chikh,B. Ould-Chikh,221907,['RW'],Netherlands,FC Twente,84,66,16,,,,,66,19,,,66,21,64,22,,
Rafael A F Ferreira Silva,Rafa,216547,"['LW', 'CAM', 'RW']",Portugal,Portugal,84,77,21,78,22,80,23,78,24,79,25,82,26,83,27,82,28
Anwar El Ghazi,A. El Ghazi,216433,"['RW', 'LW']",Netherlands,Ajax,84,72,19,76,20,76,21,74,22,74,23,74,24,75,25,76,26
Fares Bahlouli,F. Bahlouli,214907,"['CAM', 'RM', 'LM', 'ST']",France,Olympique Lyonnais,84,65,19,70,20,71,21,70,22,69,23,69,24,,,,
Levin Oztunali,L. Öztunali,213134,"['CDM', 'CM']",Germany,Bayer 04 Leverkusen,84,62,18,71,19,74,20,76,21,74,22,73,23,73,24,72,25
Alex Nicolao Telles,Alex Telles,212462,"['LB', 'LWB']",Brazil,Galatasaray SK,84,73,21,76,22,77,23,80,24,84,25,84,26,84,27,82,28
Fabian Schar,F. Schär,210047,['CB'],Switzerland,FC Basel 1893,84,75,22,78,23,77,24,75,25,75,26,79,27,78,28,76,29
Mohamed Salah,M. Salah,209331,['RM'],Egypt,Chelsea,84,76,22,80,23,81,24,83,25,88,26,90,27,90,28,89,29
Hakan Calhanoglu,H. Çalhanoğlu,208128,"['CAM', 'LM', 'CF', 'CM']",Turkey,Bayer 04 Leverkusen,84,77,20,78,21,80,22,79,23,80,24,80,25,79,26,82,27
Bertrand Traore,B. Traoré,207948,"['RW', 'LW', 'ST']",Burkina Faso,Vitesse,84,72,18,74,19,75,20,78,21,79,22,78,23,76,24,77,25
Jean Paul Boetius,J. Boëtius,205402,['LW'],Netherlands,Feyenoord,84,75,20,74,21,74,22,76,23,74,24,78,25,76,26,75,27
Florian Thauvin,F. Thauvin,204970,"['RM', 'CAM', 'RW', 'ST']",France,Olympique de Marseille,84,77,21,76,22,77,23,82,24,84,25,83,26,82,27,80,28
Kurt Zouma,K. Zouma,204311,"['CB', 'RB']",France,Chelsea,84,74,19,77,20,80,21,79,22,78,23,80,24,80,25,81,26
Mbaye Niang,M. Niang,204077,"['RW', 'ST']",France,AC Milan,84,74,19,74,20,78,21,78,22,77,23,77,24,78,25,76,26
Viktor Fischer,V. Fischer,203965,['LW'],Denmark,Ajax,84,75,20,77,21,74,22,75,23,76,24,78,25,74,26,70,27
Tonny Vilhena,T. Vilhena,203535,['CM'],Netherlands,Feyenoord,84,73,19,73,20,76,21,78,22,77,23,78,24,,,76,26
Thorgan Hazard,T. Hazard,203486,"['CAM', 'LM']",Belgium,Borussia Mönchengladbach,84,76,21,78,22,79,23,80,24,81,25,82,26,83,27,82,28
Jack Butland,J. Butland,203042,['GK'],England,Stoke City,84,72,21,74,22,82,23,81,24,81,25,78,26,74,27,73,28
Fernando Lucas Martins,Fernando,202642,"['CDM', 'CM']",Brazil,Shakhtar Donetsk,84,76,22,76,23,78,24,79,25,78,26,78,27,79,28,77,29
Mats Moller Daehli,M. Dæhli,201877,"['LM', 'RM', 'CAM']",Norway,Norway,84,71,19,71,20,70,21,72,22,71,23,72,24,72,25,71,26
Ravel Morrison,R. Morrison,201155,"['CAM', 'CM']",England,West Ham United,84,74,21,76,22,77,23,74,24,,,76,26,,,72,28
Juan Guilherme Nunes Jesus,Juan Jesus,200752,['CB'],Brazil,Inter,84,78,23,79,24,75,25,77,26,78,27,76,28,74,29,74,30
Kevin Volland,K. Volland,200610,"['RM', 'CF', 'ST']",Germany,TSG Hoffenheim,84,79,21,80,22,81,23,80,24,81,25,82,26,81,27,83,28
Francisco Alcacer Garcia,Paco Alcácer,200454,"['ST', 'CF']",Spain,Valencia CF,84,76,20,80,21,81,22,79,23,79,24,83,25,81,26,81,27
Marco Van Ginkel,M. van Ginkel,199767,['CM'],Netherlands,Chelsea,84,76,21,75,22,77,23,78,24,79,25,77,26,75,27,76,28
Sergio Roberto Carnicer,Sergi Roberto,199564,"['CM', 'CDM']",Spain,FC Barcelona,84,75,22,78,23,79,24,81,25,84,26,82,27,83,28,81,29
Danilo Luiz Da Silva,Danilo,199304,['RB'],Brazil,FC Porto,84,77,22,81,23,80,24,78,25,79,26,79,27,79,28,81,29
Serge Aurier,S. Aurier,197853,"['RB', 'RM']",Côte d'Ivoire,Paris Saint-Germain,84,77,21,80,22,83,23,81,24,81,25,79,26,80,27,80,28
Phil Jones,P. Jones,194957,"['CB', 'RB', 'CM']",England,Manchester United,84,79,22,80,23,79,24,79,25,80,26,79,27,75,28,74,29
Filip Duricic,F. Đuričić,193881,['CAM'],Serbia,1. FSV Mainz 05,84,75,22,76,23,76,24,74,25,74,26,74,27,75,28,76,29
Ricardo Rodriguez,R. Rodriguez,193352,['LB'],Switzerland,VfL Wolfsburg,84,80,21,83,22,83,23,81,24,80,25,80,26,78,27,76,28
Alexandre Lacazette,A. Lacazette,193301,"['ST', 'RW', 'CF']",France,Olympique Lyonnais,84,79,23,84,24,85,25,85,26,84,27,86,28,83,29,82,30
Andre Schurrle,A. Schürrle,193130,"['LM', 'RM']",Germany,Chelsea,84,81,23,80,24,81,25,80,26,78,27,76,28,,,,
Alphonse Areola,A. Aréola,193105,['GK'],France,SC Bastia,84,72,21,74,22,81,23,79,24,81,25,82,26,82,27,82,28
Alex Sandro Lobo Silva,Alex Sandro,191043,['LB'],Brazil,FC Porto,84,79,23,82,24,84,25,86,26,86,27,85,28,85,29,83,30
Eduardo Salvio,E. Salvio,190972,['RM'],Argentina,SL Benfica,84,79,23,80,24,79,25,80,26,81,27,80,28,81,29,80,30
Douglas Costa De Souza,Douglas Costa,190483,"['CAM', 'RW']",Brazil,Shakhtar Donetsk,84,80,23,81,24,84,25,82,26,86,27,84,28,84,29,,
Sergio Canales Madrazo,Sergio Canales,190286,"['CAM', 'LM', 'RM']",Spain,Real Sociedad,84,77,23,79,24,79,25,79,26,79,27,84,28,82,29,83,30
Kevin Trapp,K. Trapp,188943,['GK'],Germany,Eintracht Frankfurt,84,80,23,82,24,83,25,82,26,80,27,83,28,83,29,82,30
Kyriakos Papadopoulos,K. Papadopoulos,184477,"['CB', 'CDM']",Greece,Bayer 04 Leverkusen,84,78,22,79,23,79,24,79,25,78,26,76,27,,,71,29
Erik Lamela,E. Lamela,170368,"['RM', 'CAM']",Argentina,Tottenham Hotspur,84,78,22,79,23,81,24,80,25,80,26,80,27,80,28,78,29
Semih Kaya,S. Kaya,167812,['CB'],Turkey,Galatasaray SK,84,79,23,77,24,73,25,73,26,72,27,72,28,,,68,30
Ruben Diogo Da Silva Neves,Rúben Neves,224293,"['CM', 'CDM']",Portugal,FC Porto,83,69,17,74,18,75,19,77,20,79,21,82,22,82,23,82,24
Francisco Rodriguez,F. Rodriguez,223146,"['RM', 'LM', 'CM', 'CAM']",Switzerland,FC Zürich,83,68,19,65,19,68,20,68,21,65,22,62,23,61,24,,
Breel Donald Embolo,B. Embolo,222357,"['ST', 'CAM', 'RM', 'CM']",Cameroon,FC Basel 1893,83,66,17,76,18,76,19,76,20,76,21,76,22,78,23,77,24
Patrick Roberts,P. Roberts,221982,['RM'],England,Fulham,83,67,17,65,18,68,19,73,20,74,21,74,22,73,23,71,24
Nikola Maksimovic,N. Maksimović,215466,"['CB', 'RM']",Serbia,Torino F.C.,83,77,22,80,23,81,24,79,25,78,26,78,27,77,28,73,29
Geronimo Rulli,G. Rulli,215316,['GK'],Argentina,Real Sociedad,83,76,22,78,23,82,24,83,25,81,26,81,27,82,28,80,29
Lucas Romero,L. Romero,215119,['CM'],Argentina,Vélez Sarsfield,83,72,20,74,21,,,,,,,74,25,74,26,76,27
Hector Villalba,H. Villalba,215107,"['ST', 'RM']",Argentina,San Lorenzo de Almagro,83,72,19,73,20,74,21,74,22,75,23,75,24,74,25,74,26
Kingsley Coman,K. Coman,213345,"['LW', 'CAM']",France,Juventus,83,67,18,69,19,81,20,79,21,83,22,84,23,84,24,86,25
Jonathan Tah,J. Tah,213331,"['CB', 'RB']",Germany,Hamburger SV,83,68,18,73,19,79,20,82,21,83,22,83,23,79,24,78,25
Joao Mario Ndc Eduardo,João Mário,212814,['CM'],Portugal,Sporting CP,83,73,21,78,22,83,23,83,24,81,25,81,26,80,27,80,28
Marcos Paulo Mesquita Lopes,Marcos Lopes,212692,['CAM'],Portugal,LOSC Lille,83,65,18,73,19,76,20,77,21,80,22,80,23,78,24,76,25
Bruno Miguel Borges Fernandes,Bruno Fernandes,212198,"['CAM', 'CM', 'CF', 'LW']",Portugal,Udinese Calcio,83,76,19,75,20,76,21,77,22,83,23,85,24,87,25,88,26
Niklas Sule,N. Süle,212190,['CB'],Germany,TSG Hoffenheim,83,71,18,78,19,81,20,83,21,84,22,85,23,84,24,82,25
Andre Filipe Tavares Gomes,André Gomes,211575,"['CM', 'CDM']",Portugal,Valencia CF,83,75,20,80,21,84,22,82,23,80,24,80,25,79,26,77,27
Armindo Tue Na Bangna,Bruma,211368,"['LW', 'RW']",Portugal,Galatasaray SK,83,76,19,76,20,77,21,81,22,79,23,78,24,76,25,76,26
Paulo Dybala,P. Dybala,211110,['CF'],Argentina,Palermo,83,70,20,78,21,85,22,88,23,89,24,88,25,88,26,87,27
Carles Gil D Vicent,Carles Gil,210930,"['RM', 'LM', 'CAM']",Spain,Valencia CF,83,74,21,74,22,77,23,78,24,75,25,75,26,76,27,77,28
Chancel Mbemba,C. Mbemba,210897,['CB'],Congo DR,RSC Anderlecht,83,72,19,77,20,77,21,76,22,75,23,73,24,75,25,79,26
Adrien Rabiot,A. Rabiot,210008,['CM'],France,Paris Saint-Germain,83,73,19,76,20,78,21,80,22,83,23,83,24,81,25,81,26
Emre Can,E. Can,208333,"['CM', 'CDM', 'LM', 'LB']",Germany,Liverpool,83,74,20,75,21,80,22,79,23,80,24,81,25,82,26,82,27
Nicolas Lopez,N. López,207715,"['CF', 'CAM']",Uruguay,Udinese Calcio,83,72,20,74,21,,,,,,,,,73,26,76,27
Paul Nardi,P. Nardi,206218,['GK'],France,AS Nancy Lorraine,83,68,20,72,21,72,22,,,71,24,73,25,73,26,73,27
Calum Chambers,C. Chambers,205989,"['RB', 'CB']",England,Arsenal,83,70,19,72,20,72,21,75,22,75,23,75,24,75,25,75,26
Nicola Murru,N. Murru,205934,['LB'],Italy,Cagliari,83,71,19,71,20,71,21,70,22,72,23,73,24,73,25,72,26
Nathaniel Chalobah,N. Chalobah,205897,"['CM', 'CDM']",England,Chelsea,83,68,19,68,20,68,21,75,22,76,23,75,24,74,25,74,26
Alberto Moreno Perez,Alberto Moreno,205566,"['LB', 'LM', 'LWB']",Spain,Liverpool,83,78,21,79,22,77,23,76,24,77,25,76,26,77,27,76,28
Daniele Baselli,D. Baselli,205407,"['CM', 'CDM']",Italy,Atalanta,83,73,22,78,23,79,24,79,25,79,26,79,27,77,28,76,29
Karim Rekik,K. Rekik,205193,['CB'],Netherlands,PSV,83,73,19,75,20,73,21,73,22,79,23,78,24,75,25,74,26
Daniel Carvajal Ramos,Carvajal,204963,['RB'],Spain,Real Madrid CF,83,79,22,81,23,83,24,84,25,84,26,85,27,86,28,85,29
Joel Campbell,J. Campbell,204713,"['RM', 'LM']",Costa Rica,Arsenal,83,75,22,76,23,78,24,77,25,,,76,27,74,28,75,29
Jurgen Locadia,J. Locadia,204366,['ST'],Netherlands,PSV,83,73,20,75,21,76,22,76,23,76,24,76,25,75,26,71,27
Bruno Zuculini,B. Zuculini,203864,"['CM', 'RM']",Argentina,Valencia CF,83,73,21,74,22,,,71,24,70,25,75,26,73,27,74,28
John Stones,J. Stones,203574,"['CB', 'RB']",England,Everton,83,71,20,77,21,78,22,79,23,82,24,83,25,80,26,83,27
Terence Kongolo,T. Kongolo,203485,"['CB', 'LB']",Netherlands,Feyenoord,83,74,20,76,21,77,22,77,23,76,24,75,25,71,26,70,27
Andre Carrillo,A. Carrillo,203299,"['RW', 'LW']",Peru,Sporting CP,83,77,23,80,24,80,25,77,26,78,27,78,28,79,29,79,30
Jesus Fernandez Saez,Suso,202651,"['RM', 'LM']",Spain,Liverpool,83,74,20,74,21,77,22,82,23,82,24,82,25,81,26,82,27
Jese Rodriguez Ruiz,Jesé Rodríguez,202515,"['LM', 'RM', 'ST']",Spain,Real Madrid CF,83,76,21,78,22,80,23,77,24,76,25,75,26,72,27,71,28
Gerard Deulofeu Lazaro,Deulofeu,202477,"['RW', 'RM']",Spain,Sevilla FC,83,79,20,78,21,81,22,82,23,81,24,80,25,80,26,79,27
Lucas Digne,L. Digne,200458,['LB'],France,Paris Saint-Germain,83,76,20,76,21,79,22,79,23,78,24,83,25,84,26,84,27
Cristian Tello Herrera,Cristian Tello,200315,"['RW', 'LW']",Spain,FC Porto,83,78,22,79,23,78,24,77,25,80,26,80,27,78,28,79,29
Adam Maher,A. Maher,200223,"['CAM', 'CM']",Netherlands,PSV,83,75,20,76,21,74,22,74,23,,,76,25,75,26,75,27
Pedro Mba Obiang Avomo,Pedro Obiang,200054,"['CM', 'CDM']",Spain,U.C. Sampdoria,83,73,22,74,23,76,24,77,25,77,26,77,27,76,28,75,29
Romulo Borges Monteiro,Rômulo,199935,"['CDM', 'CM']",Brazil,Spartak Moskva,83,75,23,76,24,77,25,,,,,,,76,29,,
Granit Xhaka,G. Xhaka,199503,"['CM', 'CAM']",Switzerland,Borussia Mönchengladbach,83,76,21,81,22,84,23,82,24,81,25,81,26,80,27,79,28
Jonathan Williams,J. Williams,198776,"['CAM', 'LW']",Wales,Wales,83,70,20,72,21,73,22,71,23,70,24,69,25,69,26,68,27
Martin Montoya Torralbo,Montoya,194644,"['RB', 'LB']",Spain,FC Barcelona,83,77,23,79,24,79,25,77,26,78,27,76,28,77,29,75,30
Izet Hajrovic,I. Hajrović,193780,['RM'],Bosnia and Herzegovina,SV Werder Bremen,83,75,22,74,23,72,24,72,25,68,26,72,27,68,28,,
Mario Figueira Fernandes,Mário Fernandes,193525,['RB'],Brazil,PFC CSKA Moscow,83,76,23,79,24,80,25,81,26,81,27,82,28,82,29,82,30
Mattia Destro,M. Destro,193338,['ST'],Italy,Roma,83,77,23,78,24,78,25,76,26,76,27,75,28,71,29,74,30
Roberto Pereyra,R. Pereyra,193061,"['CAM', 'CM', 'CF']",Argentina,Juventus,83,77,23,81,24,81,25,80,26,79,27,80,28,77,29,80,30
Connor Wickham,C. Wickham,191089,"['ST', 'LM']",England,Sunderland,83,72,21,73,22,74,23,72,24,72,25,70,26,69,27,66,28
Gokhan Tore,G. Töre,191032,"['RM', 'LM']",Turkey,Beşiktaş JK,83,78,22,80,23,79,24,78,25,76,26,74,27,74,28,73,29
Jeroen Zoet,J. Zoet,190778,['GK'],Netherlands,PSV,83,77,23,78,24,80,25,79,26,80,27,80,28,76,29,75,30
James Mccarthy,J. McCarthy,188253,"['CDM', 'CM']",Republic of Ireland,Everton,83,79,23,80,24,81,25,80,26,78,27,75,28,76,29,74,30
Danny Welbeck,D. Welbeck,186146,"['ST', 'CF', 'LM']",England,Manchester United,83,78,23,79,24,80,25,80,26,77,27,78,28,74,29,73,30
Georginio Wijnaldum,G. Wijnaldum,181291,"['CAM', 'RW', 'CM']",Netherlands,PSV,83,78,23,80,24,81,25,82,26,82,27,84,28,85,29,84,30
Ali Adnan,A. Adnan,223198,['LB'],Iraq,Çaykur Rizespor,82,73,20,71,21,73,22,73,23,73,24,75,25,75,26,73,27
Enes Unal,E. Ünal,223197,['ST'],Turkey,Bursaspor,82,69,17,69,18,70,19,74,20,78,21,77,22,75,23,75,24
Younes Bnou Marzuk,Y. Bnou-Marzuk,222394,['ST'],France,Juventus,82,63,18,66,19,,,67,21,67,22,66,23,,,61,25
Sebastian Cristoforo,S. Cristóforo,219712,['CDM'],Uruguay,Sevilla FC,82,71,20,71,21,78,22,76,23,75,24,75,25,74,26,74,27
Salih Ucan,S. Uçan,216814,"['CM', 'CAM']",Turkey,Roma,82,71,20,73,21,74,22,74,23,73,24,71,25,70,26,75,27
Federico Cartabia,F. Cartabia,216796,"['LM', 'RM']",Argentina,Córdoba CF,82,74,21,75,22,77,23,76,24,76,25,,,,,,
Carlos Manuel Cardoso Mane,Carlos Mané,216749,"['RW', 'CAM', 'LW']",Portugal,Sporting CP,82,74,20,76,21,76,22,76,23,75,24,74,25,74,26,72,27
Gedion Zelalem,G. Zelalem,216699,['CM'],Germany,Arsenal,82,62,17,,,67,19,65,20,65,21,64,22,63,23,63,24
Daley Sinkgraven,D. Sinkgraven,216380,"['CAM', 'LW']",Netherlands,SC Heerenveen,82,67,18,74,19,74,20,75,21,72,22,72,23,77,24,75,25
Gaston Gil Romero,G. Gil Romero,215328,['CM'],Argentina,Estudiantes de La Plata,82,72,21,73,22,71,23,,,70,25,68,26,,,68,28
Eder Alvarez Balanta,É. Álvarez Balanta,213899,['CB'],Colombia,River Plate,82,75,21,75,22,75,23,76,24,76,25,75,26,76,27,75,28
Pierre Emile Hojbjerg,P. Højbjerg,213648,"['CM', 'CDM', 'CAM']",Denmark,FC Bayern München,82,67,18,73,19,74,20,75,21,76,22,77,23,80,24,83,25
Riechedly Bazoer,R. Bazoer,212269,['CDM'],Netherlands,Ajax,82,64,17,75,18,77,19,75,20,74,21,73,22,72,23,76,24
Ivan Cavaleiro,Ivan Cavaleiro,212267,['RM'],Portugal,Deportivo de La Coruña,82,71,20,76,21,75,22,74,23,75,24,75,25,75,26,73,27
Iuri Jose Picanco Medeiros,Iuri Medeiros,212230,"['LW', 'CAM']",Portugal,Sporting CP,82,68,19,73,20,77,21,78,22,76,23,74,24,68,25,72,26
Neal Maupay,N. Maupay,211784,"['ST', 'RW']",France,OGC Nice,82,64,17,70,18,69,19,71,20,70,21,75,22,77,23,77,24
Alexandru Maxim,A. Maxim,211061,"['CAM', 'CF']",Romania,VfB Stuttgart,82,77,23,77,24,76,25,75,26,73,27,73,28,72,29,74,30
Joao Pedro Cavaco Cancelo,João Cancelo,210514,['RB'],Portugal,Valencia CF,82,70,20,73,21,79,22,79,23,81,24,84,25,83,26,86,27
Alejandro Grimaldo Garcia,Grimaldo,210035,['LB'],Spain,FC Barcelona B,82,68,18,70,19,77,20,80,21,81,22,83,23,84,24,82,25
Nathan Ake,N. Aké,208920,"['CB', 'CDM']",Netherlands,Chelsea,82,67,19,69,20,72,21,75,22,79,23,80,24,79,25,78,26
Hakim Ziyech,H. Ziyech,208670,['CAM'],Netherlands,FC Twente,82,74,21,77,22,80,23,81,24,82,25,85,26,85,27,84,28
Saul Niguez Esclapez,Saúl,208421,"['CDM', 'RM', 'CB']",Spain,Atlético de Madrid,82,74,19,76,20,80,21,82,22,85,23,85,24,84,25,82,26
Erik Durm,E. Durm,207920,"['LB', 'RB']",Germany,Borussia Dortmund,82,73,22,76,23,76,24,77,25,75,26,74,27,73,28,74,29
Kaan Ayhan,K. Ayhan,207790,"['CB', 'CDM', 'RB']",Turkey,FC Schalke 04,82,67,19,71,20,71,21,71,22,75,23,77,24,75,25,75,26
Filipe Augusto Carvalho Souza,Filipe Augusto,207733,['CM'],Brazil,Rio Ave FC,82,71,20,73,21,73,22,74,23,73,24,72,25,75,26,73,27
Moises Gomez Bordonado,Moi Gómez,206590,"['LM', 'RM', 'CAM']",Spain,Villarreal CF,82,74,20,78,21,74,22,74,23,74,24,73,25,77,26,78,27
Jack Grealish,J. Grealish,206517,"['LM', 'CAM']",Republic of Ireland,Aston Villa,82,65,18,72,19,72,20,73,21,74,22,77,23,80,24,84,25
Maximilian Arnold,M. Arnold,206511,"['CAM', 'LM', 'CM']",Germany,VfL Wolfsburg,82,75,20,77,21,79,22,79,23,78,24,79,25,79,26,81,27
Serge Gnabry,S. Gnabry,206113,['RM'],Germany,Arsenal,82,70,18,70,19,73,20,79,21,82,22,84,23,85,24,85,25
Marko Livaja,M. Livaja,205855,['ST'],Croatia,Rubin Kazan,82,70,20,,,75,22,75,23,76,24,76,25,76,26,75,27
Alessio Cragno,A. Cragno,205659,['GK'],Italy,Cagliari,82,67,20,70,21,69,22,72,23,75,24,81,25,81,26,81,27
Samuel Umtiti,S. Umtiti,205600,"['CB', 'LB']",France,Olympique Lyonnais,82,76,20,79,21,82,22,83,23,87,24,86,25,83,26,80,27
Antonio Rudiger,A. Rüdiger,205452,"['CB', 'RB']",Germany,VfB Stuttgart,82,74,21,76,22,77,23,82,24,81,25,82,26,81,27,83,28
Matija Nastasic,M. Nastasić,205362,['CB'],Serbia,Manchester City,82,77,21,79,22,80,23,80,24,81,25,80,26,77,27,74,28
Stefan Savic,S. Savić,204639,['CB'],Montenegro,Fiorentina,82,78,23,81,24,82,25,82,26,83,27,82,28,81,29,84,30
Ruben Pardo Gutierrez,Rubén Pardo,204523,['CM'],Spain,Real Sociedad,82,76,21,79,22,77,23,79,24,75,25,74,26,72,27,72,28
Jores Okore,J. Okore,204163,"['CB', 'RB']",Denmark,Aston Villa,82,73,21,77,22,77,23,73,24,72,25,72,26,,,70,28
Lucas Andersen,L. Andersen,203903,"['CAM', 'LW', 'RW']",Denmark,Ajax,82,71,19,73,20,72,21,76,22,73,23,75,24,76,25,73,26
Sime Vrsaljko,Š. Vrsaljko,203890,"['RM', 'RB']",Croatia,U.S. Sassuolo Calcio,82,72,22,75,23,79,24,79,25,81,26,80,27,80,28,80,29
Massimo Bruno,M. Bruno,203633,"['RM', 'CAM']",Belgium,FC Red Bull Salzburg,82,72,20,74,21,72,22,72,23,71,24,72,25,73,26,,
Alessandro Florenzi,A. Florenzi,203551,"['RW', 'LW', 'CM']",Italy,Roma,82,76,23,77,24,82,25,82,26,82,27,81,28,81,29,81,30
Davy Klaassen,D. Klaassen,203483,"['CAM', 'CM']",Netherlands,Ajax,82,75,21,79,22,80,23,82,24,79,25,80,26,77,27,79,28
Kyle Ebecilio,K. Ebecilio,202802,"['CM', 'CDM']",Netherlands,FC Twente,82,72,20,72,21,70,22,,,66,24,,,,,,
Eric Dier,E. Dier,202335,"['CB', 'CDM']",England,Tottenham Hotspur,82,73,20,74,21,78,22,82,23,80,24,79,25,78,26,79,27
Johannes Geis,J. Geis,202087,['CDM'],Germany,1. FSV Mainz 05,82,76,20,79,21,79,22,77,23,75,24,74,25,73,26,71,27
Ahmed Musa,A. Musa,201818,"['ST', 'LM']",Nigeria,PFC CSKA Moscow,82,75,21,76,22,78,23,76,24,75,25,73,26,73,27,72,28
Jordan Veretout,J. Veretout,201519,"['CM', 'CDM', 'CAM']",France,FC Nantes,82,72,21,76,22,76,23,77,24,78,25,78,26,79,27,81,28
Gaston Ramirez,G. Ramirez,201508,"['CAM', 'RM']",Uruguay,Southampton,82,78,23,78,24,78,25,78,26,79,27,78,28,77,29,77,30
Rafael Alcantara,Rafinha,201400,"['CAM', 'CM', 'RM', 'RW']",Brazil,FC Barcelona,82,78,21,79,22,80,23,81,24,82,25,81,26,79,27,80,28
Nicola Leali,N. Leali,201299,['GK'],Italy,Cesena,82,71,21,72,22,73,23,71,24,70,25,70,26,,,,
Jan Oblak,J. Oblak,200389,['GK'],Slovenia,Atlético de Madrid,82,77,21,81,22,87,23,88,24,90,25,91,26,91,27,91,28
Sebastian Rode,S. Rode,200215,"['CDM', 'CM']",Germany,FC Bayern München,82,77,23,79,24,80,25,78,26,77,27,78,28,77,29,77,30
Dennis Praet,D. Praet,199652,"['LM', 'CAM']",Belgium,RSC Anderlecht,82,72,20,77,21,78,22,76,23,76,24,76,25,76,26,78,27
Manolo Gabbiadini,M. Gabbiadini,198683,"['CAM', 'CF']",Italy,U.C. Sampdoria,82,75,22,78,23,81,24,79,25,77,26,76,27,75,28,75,29
Josip Drmic,J. Drmić,198504,"['ST', 'LM', 'RM']",Switzerland,Bayer 04 Leverkusen,82,77,21,77,22,76,23,74,24,75,25,75,26,72,27,,
Pierre Michel Lasogga,P. Lasogga,198196,['ST'],Germany,Hamburger SV,82,78,22,76,23,77,24,74,25,72,26,,,,,,
Stefan De Vrij,S. de Vrij,198176,['CB'],Netherlands,Lazio,82,78,22,82,23,82,24,83,25,84,26,84,27,84,28,85,29
Oguzhan Ozyakup,O. Özyakup,196934,"['CAM', 'CM']",Turkey,Beşiktaş JK,82,78,21,77,22,81,23,80,24,78,25,77,26,75,27,73,28
Kevin Kampl,K. Kampl,195365,"['RM', 'RW', 'CAM']",Slovenia,FC Red Bull Salzburg,82,77,23,77,24,80,25,81,26,82,27,83,28,81,29,81,30
Andros Townsend,A. Townsend,194932,"['RM', 'LM']",England,Tottenham Hotspur,82,74,22,75,23,78,24,78,25,78,26,78,27,77,28,77,29
Hugo Mallo Novegil,Hugo Mallo,194229,['RB'],Spain,RC Celta de Vigo,82,75,23,78,24,80,25,80,26,80,27,78,28,78,29,77,30
Alper Potuk,A. Potuk,194079,"['CAM', 'LM', 'CM']",Turkey,Fenerbahçe SK,82,76,23,76,24,77,25,77,26,76,27,75,28,72,29,70,30
Jano Ananidze,J. Ananidze,193897,"['CAM', 'LM']",Georgia,Spartak Moskva,82,75,21,74,22,74,23,75,24,75,25,74,26,,,,
Steven Caulker,S. Caulker,193504,['CB'],England,Queens Park Rangers,82,76,22,77,23,77,24,73,25,69,26,69,27,70,28,74,29
Maxime Lestienne,M. Lestienne,192537,['LW'],Belgium,Club Brugge KV,82,75,22,77,23,75,24,76,25,75,26,73,27,74,28,73,29
Alexandr Kokorin,A. Kokorin,192086,"['ST', 'CAM']",Russia,Dinamo Moscow,82,78,23,78,24,77,25,78,26,,,,,78,29,75,30
Diego Reyes,D. Reyes,192012,['CB'],Mexico,FC Porto,82,72,21,74,22,78,23,77,24,77,25,76,26,72,27,67,28
Adem Ljajic,A. Ljajić,190544,"['LW', 'RW', 'CF']",Serbia,Roma,82,76,22,79,23,78,24,79,25,80,26,81,27,80,28,76,29
Rafael Pereira Da Silva,Rafael,189681,['RB'],Brazil,Manchester United,82,77,23,77,24,78,25,79,26,79,27,78,28,77,29,76,30
Roman Burki,R. Bürki,189117,['GK'],Switzerland,Sport-Club Freiburg,82,74,23,80,24,81,25,84,26,81,27,85,28,84,29,80,30
Jack Rodwell,J. Rodwell,183465,['CM'],England,Sunderland,82,76,23,76,24,76,25,74,26,,,,,,,67,30
Sergio Buenacasa Alba,Sergio Buenacasa,225090,['ST'],Spain,Juventus,81,62,18,65,19,64,20,,,64,22,65,23,62,24,,
Mario Pasalic,M. Pašalić,223273,"['CM', 'CAM', 'CDM']",Croatia,Elche CF,81,70,19,72,20,,,76,22,76,23,77,24,77,25,78,26
Bernard Mensah,B. Mensah,222457,"['CAM', 'LM']",Ghana,Vitória de Guimarães,81,69,19,76,20,72,21,72,22,74,23,73,24,75,25,73,26
Joseph Minala,J. Minala,222391,"['CAM', 'CM']",Cameroon,Bari,81,64,17,67,18,68,19,68,20,70,21,69,22,68,23,,
Adam Armstrong,A. Armstrong,221841,['CF'],England,Newcastle United,81,62,17,63,18,68,19,68,20,68,21,69,22,73,23,76,24
Milos Jojic,M. Jojić,221838,"['CM', 'CAM', 'LM']",Serbia,Borussia Dortmund,81,75,22,75,23,75,24,76,25,74,26,73,27,70,28,,
Luciano Acosta,L. Acosta,221634,['CAM'],Argentina,Boca Juniors,81,70,20,70,21,71,22,72,23,72,24,76,25,73,26,75,27
Lucas Hernandez,L. Hernández,220814,"['CB', 'LB']",France,Atlético de Madrid,81,63,18,66,19,75,20,76,21,82,22,84,23,82,24,83,25
Dzhamaldin Khodzhaniyazov,D. Khodzhaniyazov,218725,"['LB', 'CB']",Turkmenistan,Zenit St. Petersburg,81,67,17,69,18,68,19,,,,,,,,,,
Bernardo Mota Carvalho E Silva,Bernardo Silva,218667,['CAM'],Portugal,AS Monaco,81,69,19,79,20,81,21,84,22,84,23,87,24,87,25,86,26
Yuya Kubo,Y. Kubo,217242,"['CAM', 'CF', 'LW']",Japan,BSC Young Boys,81,69,20,70,21,72,22,75,23,73,24,72,25,72,26,68,27
Oscar Gil Oses,Óscar Gil,216461,"['CDM', 'CM', 'CB']",Spain,Athletic Club de Bilbao,81,62,19,63,20,72,21,,,,,65,24,,,64,26
Jose Maria Gimenez,J. Giménez,216460,"['CB', 'RB']",Uruguay,Atlético de Madrid,81,71,19,78,20,83,21,83,22,84,23,85,24,84,25,84,26
Andrew Robertson,A. Robertson,216267,"['LB', 'LWB']",Scotland,Scotland,81,69,20,73,21,75,22,75,23,81,24,85,25,87,26,87,27
Mamadou Tounkara,M. Tounkara,215777,['ST'],Spain,Lazio,81,61,18,65,19,65,20,65,21,,,,,,,,
Ruben Miguel Nunes Vezo,Rúben Vezo,215399,['CB'],Portugal,Valencia CF,81,72,20,76,21,77,22,74,23,77,24,78,25,77,26,76,27
Diego Rojas,D. Rojas,214919,"['CAM', 'CM']",Chile,Universidad Católica,81,65,19,67,20,69,21,,,67,23,70,24,68,25,,
James Wilson,J. Wilson,213642,['ST'],England,Manchester United,81,63,18,66,19,69,20,69,21,66,22,66,23,63,24,63,25
Brayan Perea,B. Perea,213303,['ST'],Colombia,Lazio,81,71,21,69,22,70,23,,,,,64,26,,,,
Nabil Bentaleb,N. Bentaleb,213296,"['CM', 'CDM']",Algeria,Tottenham Hotspur,81,68,19,75,20,75,21,80,22,79,23,77,24,75,25,73,26
Antonio Jose Pinheiro Carvalho,Tozé,212729,"['CAM', 'LW']",Portugal,Estoril Praia,81,70,21,75,22,73,23,74,24,75,25,,,,,,
Marian Sarr,M. Sarr,212628,"['CB', 'LB']",Germany,Borussia Dortmund,81,63,19,67,20,65,21,,,63,23,64,24,,,,
Rodrigo De Paul,R. De Paul,212616,"['LM', 'CAM']",Argentina,Valencia CF,81,71,20,76,21,75,22,74,23,75,24,78,25,77,26,82,27
Ali Ghazal,A. Ghazal,212469,['CDM'],Egypt,CD Nacional,81,74,22,77,23,76,24,73,25,72,26,69,27,,,,
Federico Bernardeschi,F. Bernardeschi,212404,"['RW', 'LW']",Italy,Fiorentina,81,67,20,71,21,78,22,82,23,82,24,83,25,80,26,79,27
Borja Lopez Menendez,Borja López,212129,['CB'],Spain,AS Monaco,81,70,20,71,21,71,22,,,,,70,25,68,26,70,27
Daniele Rugani,D. Rugani,211320,['CB'],Italy,Empoli,81,67,19,78,20,79,21,80,22,82,23,82,24,80,25,77,26
Anthony Martial,A. Martial,211300,['ST'],France,AS Monaco,81,69,18,77,19,82,20,82,21,83,22,83,23,84,24,81,25
Adrian Centurion,A. Centurión,211267,['RM'],Argentina,Racing Club,81,74,21,,,72,23,74,24,79,25,77,26,77,27,75,28
Valentino Lazaro,V. Lazaro,211147,"['LM', 'RM', 'CAM', 'CM']",Austria,FC Red Bull Salzburg,81,65,18,69,19,72,20,71,21,77,22,75,23,79,24,77,25
Dario Del Fabro,D. Del Fabro,211067,['CB'],Italy,Pescara,81,68,19,67,20,68,21,67,22,68,23,66,24,,,65,26
Ruben Garcia Santos,Rubén García,211022,"['LM', 'CAM', 'RM']",Spain,Levante Unión Deportiva,81,74,20,74,21,73,22,73,23,72,24,74,25,79,26,79,27
Bjorn Engels,B. Engels,210828,['CB'],Belgium,Club Brugge KV,81,71,19,74,20,76,21,75,22,,,76,24,74,25,73,26
Paulo Andre R Oliveira,Paulo Oliveira,210679,['CB'],Portugal,Sporting CP,81,73,22,79,23,79,24,78,26,78,27,76,27,76,28,76,29
Alessio Romagnoli,A. Romagnoli,210413,"['CB', 'LB']",Italy,Roma,81,71,19,75,20,78,21,79,22,82,23,83,24,83,25,82,26
Raphael Guerreiro,R. Guerreiro,209889,"['LB', 'LM']",Portugal,FC Lorient,81,70,20,76,21,76,22,81,23,79,24,81,25,84,26,84,27
Derlis Gonzalez,D. González,209523,"['RM', 'CF', 'ST', 'LM']",Paraguay,FC Basel 1893,81,69,20,74,21,75,22,75,23,,,,,76,26,74,27
Bard Finne,B. Finne,209264,"['ST', 'LW', 'RW']",Norway,1. FC Köln,81,65,19,67,20,68,21,66,22,66,23,66,24,66,25,66,26
Guilherme Dos Santos Torres,Guilherme,209236,"['CDM', 'CM']",Brazil,Udinese Calcio,81,73,23,74,24,75,25,76,26,76,27,76,28,77,29,,
Ryan Gauld,R. Gauld,208919,"['CAM', 'LW', 'RW']",Scotland,Sporting CP,81,66,18,73,19,73,20,73,21,71,22,,,70,24,75,25
Bryan Cristante,B. Cristante,208268,['CM'],Italy,AC Milan,81,70,19,72,20,72,21,72,22,78,23,78,24,78,25,78,26
Victor Vinicius Coelho Dos Santos,Vitinho,208008,"['CAM', 'ST']",Brazil,PFC CSKA Moscow,81,72,20,,,,,77,23,,,,,,,,
Jetro Willems,J. Willems,205995,['LB'],Netherlands,PSV,81,72,20,78,21,79,22,77,23,76,24,75,25,77,26,73,27
Christian Atsu,C. Atsu,205601,"['CAM', 'RW', 'LW']",Ghana,Everton,81,75,22,76,23,76,24,75,25,75,26,74,27,74,28,72,29
Flavio Nunes Ferreira,Flávio Ferreira,205545,['CB'],Portugal,Málaga CF,81,72,22,74,23,,,,,,,,,,,,
Tiago Almeida Ilori,Ilori,205185,['CB'],Portugal,FC Girondins de Bordeaux,81,73,21,74,22,75,23,73,24,68,25,69,26,,,67,28
Arkadiusz Milik,A. Milik,205175,['ST'],Poland,Ajax,81,69,20,77,21,79,22,79,23,80,24,83,25,81,26,81,27